/*
 * u8g2_fonts.c — 内置字体表（u8g2 原版数据，请勿手改）
 *
 * 由 tools/extract_u8g2_fonts.py 从 u8g2 字体源码生成。
 * 数据格式为 u8g2 字体协议（23 字节头 + 跳转表 + RLE 字形），
 * 解码器见 u8g2.c。需要更多字体时，把 u8g2_fonts.c 中对应
 * 数组拷入并重新生成即可。
 */

#include "u8g2.h"

const uint8_t u8g2_font_5x7_tf[] = {
    0xBF, 0x00, 0x02, 0x02, 0x03, 0x03, 0x03, 0x04, 0x04, 0x05, 0x07, 0x00,
    0xFF, 0x06, 0xFF, 0x06, 0x00, 0x01, 0x0A, 0x02, 0x16, 0x06, 0x2F, 0x20,
    0x05, 0x00, 0xBD, 0x01, 0x21, 0x06, 0xB1, 0xB1, 0x19, 0x29, 0x22, 0x07,
    0x5B, 0xB7, 0x49, 0x56, 0x00, 0x23, 0x0A, 0x2D, 0xB1, 0xAB, 0x86, 0xAA,
    0x86, 0xAA, 0x00, 0x24, 0x09, 0x2D, 0xB1, 0x5B, 0xF5, 0x4E, 0x69, 0x01,
    0x25, 0x08, 0x34, 0xB1, 0xC9, 0xB1, 0x77, 0x00, 0x26, 0x09, 0x2C, 0xB1,
    0x8B, 0x29, 0x56, 0x31, 0x05, 0x27, 0x05, 0x99, 0xB7, 0x19, 0x28, 0x07,
    0x72, 0xB1, 0x53, 0xCD, 0x00, 0x29, 0x08, 0x72, 0xB1, 0x89, 0xA9, 0x52,
    0x00, 0x2A, 0x07, 0x6B, 0xB1, 0x49, 0xD5, 0x6A, 0x2B, 0x0A, 0x2D, 0xB1,
    0xCD, 0x28, 0x0E, 0x99, 0x51, 0x04, 0x2C, 0x07, 0x5B, 0xAF, 0x53, 0x25,
    0x00, 0x2D, 0x06, 0x0C, 0xB5, 0x19, 0x01, 0x2E, 0x06, 0x52, 0xB1, 0x19,
    0x01, 0x2F, 0x07, 0x24, 0xB3, 0x8F, 0x6D, 0x00, 0x30, 0x08, 0x73, 0xB1,
    0xAB, 0x5C, 0x15, 0x00, 0x31, 0x07, 0x73, 0xB1, 0x4B, 0xB2, 0x35, 0x32,
    0x09, 0x34, 0xB1, 0x53, 0x31, 0xC7, 0x72, 0x04, 0x33, 0x0A, 0x34, 0xB1,
    0x19, 0x39, 0x69, 0x24, 0x93, 0x02, 0x34, 0x0A, 0x34, 0xB1, 0x8D, 0xAA,
    0x1A, 0x31, 0x27, 0x00, 0x35, 0x0A, 0x34, 0xB1, 0x19, 0x7A, 0x23, 0x99,
    0x14, 0x00, 0x36, 0x0A, 0x34, 0xB1, 0x53, 0x79, 0x45, 0x99, 0x14, 0x00,
    0x37, 0x0A, 0x34, 0xB1, 0x19, 0x39, 0xE6, 0x98, 0x23, 0x00, 0x38, 0x0A,
    0x34, 0xB1, 0x53, 0x31, 0xA9, 0x28, 0x93, 0x02, 0x39, 0x0A, 0x34, 0xB1,
    0x53, 0x51, 0xA6, 0x9D, 0x14, 0x00, 0x3A, 0x07, 0x6A, 0xB1, 0x19, 0x71,
    0x04, 0x3B, 0x08, 0x33, 0xAF, 0xB3, 0x91, 0x2A, 0x01, 0x3C, 0x07, 0x6B,
    0xB1, 0x4D, 0x75, 0x01, 0x3D, 0x08, 0x1C, 0xB3, 0x19, 0x19, 0x8D, 0x00,
    0x3E, 0x07, 0x6B, 0xB1, 0xC9, 0x55, 0x09, 0x3F, 0x09, 0x73, 0xB1, 0x6B,
    0xA6, 0x0C, 0x13, 0x00, 0x40, 0x09, 0x34, 0xB1, 0x53, 0x51, 0xDD, 0x48,
    0x01, 0x41, 0x09, 0x34, 0xB1, 0x53, 0x51, 0x8E, 0x29, 0x03, 0x42, 0x0A,
    0x34, 0xB1, 0x59, 0x71, 0xA4, 0x28, 0x47, 0x02, 0x43, 0x09, 0x34, 0xB1,
    0x53, 0x51, 0x97, 0x49, 0x01, 0x44, 0x09, 0x34, 0xB1, 0x59, 0xD1, 0x39,
    0x12, 0x00, 0x45, 0x09, 0x34, 0xB1, 0x19, 0x7A, 0xE5, 0x3C, 0x02, 0x46,
    0x08, 0x34, 0xB1, 0x19, 0x7A, 0xE5, 0x1A, 0x47, 0x09, 0x34, 0xB1, 0x53,
    0x51, 0xA7, 0x99, 0x06, 0x48, 0x08, 0x34, 0xB1, 0x89, 0x72, 0x4C, 0x33,
    0x49, 0x07, 0x73, 0xB1, 0x59, 0xB1, 0x35, 0x4A, 0x08, 0x34, 0xB1, 0x6F,
    0xCB, 0xA4, 0x00, 0x4B, 0x0A, 0x34, 0xB1, 0x89, 0x2A, 0x49, 0x99, 0xCA,
    0x00, 0x4C, 0x07, 0x34, 0xB1, 0xC9, 0xDD, 0x23, 0x4D, 0x09, 0x34, 0xB1,
    0x89, 0xE3, 0x88, 0x66, 0x00, 0x4E, 0x08, 0x34, 0xB1, 0x89, 0x6B, 0xA9,
    0x33, 0x4F, 0x09, 0x34, 0xB1, 0x53, 0xD1, 0x99, 0x14, 0x00, 0x50, 0x0A,
    0x34, 0xB1, 0x59, 0x51, 0x8E, 0x94, 0x33, 0x00, 0x51, 0x0A, 0x3C, 0xAF,
    0x53, 0xD1, 0x5C, 0x49, 0xA3, 0x00, 0x52, 0x09, 0x34, 0xB1, 0x59, 0x51,
    0x8E, 0xD4, 0x0C, 0x53, 0x0A, 0x34, 0xB1, 0x53, 0x31, 0x65, 0x54, 0x26,
    0x05, 0x54, 0x07, 0x73, 0xB1, 0x59, 0xB1, 0x0B, 0x55, 0x08, 0x34, 0xB1,
    0x89, 0x9E, 0x49, 0x01, 0x56, 0x09, 0x34, 0xB1, 0x89, 0xCE, 0x24, 0x15,
    0x00, 0x57, 0x09, 0x34, 0xB1, 0x89, 0xE6, 0x38, 0x62, 0x00, 0x58, 0x0A,
    0x34, 0xB1, 0x89, 0x32, 0x49, 0x15, 0x65, 0x00, 0x59, 0x08, 0x73, 0xB1,
    0x49, 0x56, 0x59, 0x01, 0x5A, 0x09, 0x34, 0xB1, 0x19, 0x39, 0xB6, 0x47,
    0x00, 0x5B, 0x07, 0x73, 0xB1, 0x19, 0xB1, 0x39, 0x5C, 0x09, 0x24, 0xB3,
    0xC9, 0x28, 0xA3, 0x8C, 0x02, 0x5D, 0x07, 0x73, 0xB1, 0x99, 0xCD, 0x11,
    0x5E, 0x05, 0x53, 0xB9, 0x6B, 0x5F, 0x06, 0x0C, 0xB1, 0x19, 0x01, 0x60,
    0x06, 0x52, 0xB9, 0x89, 0x01, 0x61, 0x08, 0x24, 0xB1, 0x1B, 0x51, 0xA9,
    0x02, 0x62, 0x0A, 0x34, 0xB1, 0xC9, 0x79, 0x45, 0x39, 0x12, 0x00, 0x63,
    0x06, 0x23, 0xB1, 0x9B, 0x59, 0x64, 0x08, 0x34, 0xB1, 0xAF, 0x46, 0x94,
    0x69, 0x65, 0x08, 0x24, 0xB1, 0x53, 0x69, 0x64, 0x05, 0x66, 0x09, 0x34,
    0xB1, 0xAD, 0xCA, 0x99, 0x23, 0x00, 0x67, 0x09, 0x2C, 0xAF, 0x1B, 0x31,
    0xA9, 0x8C, 0x06, 0x68, 0x08, 0x34, 0xB1, 0xC9, 0x79, 0x45, 0x33, 0x69,
    0x08, 0x73, 0xB1, 0xCB, 0x48, 0x56, 0x03, 0x6A, 0x09, 0x7B, 0xAF, 0xCD,
    0xB0, 0x54, 0x15, 0x00, 0x6B, 0x09, 0x34, 0xB1, 0xC9, 0x55, 0x92, 0xA9,
    0x0C, 0x6C, 0x07, 0x73, 0xB1, 0x91, 0x5D, 0x03, 0x6D, 0x08, 0x24, 0xB1,
    0x49, 0x69, 0x48, 0x19, 0x6E, 0x07, 0x24, 0xB1, 0x59, 0xD1, 0x0C, 0x6F,
    0x08, 0x24, 0xB1, 0x53, 0x51, 0x26, 0x05, 0x70, 0x09, 0x2C, 0xAF, 0x59,
    0x51, 0x8E, 0x94, 0x01, 0x71, 0x08, 0x2C, 0xAF, 0x1B, 0x51, 0xA6, 0x1D,
    0x72, 0x08, 0x24, 0xB1, 0x59, 0x51, 0x67, 0x00, 0x73, 0x08, 0x24, 0xB1,
    0x1B, 0x1A, 0x0D, 0x05, 0x74, 0x09, 0x34, 0xB1, 0xCB, 0x71, 0xE6, 0x8C,
    0x04, 0x75, 0x07, 0x24, 0xB1, 0x89, 0x66, 0x1A, 0x76, 0x07, 0x63, 0xB1,
    0x49, 0x56, 0x05, 0x77, 0x07, 0x24, 0xB1, 0x89, 0x72, 0x1C, 0x78, 0x08,
    0x24, 0xB1, 0x89, 0x49, 0xAA, 0x18, 0x79, 0x09, 0x2C, 0xAF, 0x89, 0x32,
    0x95, 0x25, 0x00, 0x7A, 0x08, 0x24, 0xB1, 0x19, 0xB1, 0x1C, 0x01, 0x7B,
    0x08, 0x73, 0xB1, 0x4D, 0x49, 0xD6, 0x01, 0x7C, 0x05, 0xB1, 0xB1, 0x39,
    0x7D, 0x09, 0x73, 0xB1, 0xC9, 0x51, 0xC5, 0x14, 0x01, 0x7E, 0x07, 0x14,
    0xB9, 0x4B, 0x2A, 0x01, 0xA0, 0x05, 0x00, 0xBD, 0x01, 0xA1, 0x06, 0xB1,
    0xB1, 0x49, 0x23, 0xA2, 0x09, 0x34, 0xAF, 0x8D, 0x23, 0x35, 0x67, 0x02,
    0xA3, 0x08, 0x2C, 0xB1, 0x55, 0x71, 0x56, 0x02, 0xA4, 0x0A, 0x2D, 0xB1,
    0xC9, 0x69, 0xA6, 0xB8, 0x72, 0x00, 0xA5, 0x09, 0x73, 0xB1, 0x49, 0xAA,
    0x5A, 0x31, 0x01, 0xA6, 0x06, 0xA9, 0xB1, 0x51, 0x02, 0xA7, 0x08, 0x7B,
    0xAF, 0x9B, 0xAA, 0x92, 0x0B, 0xA8, 0x06, 0x4B, 0xBB, 0x49, 0x01, 0xA9,
    0x0B, 0x3D, 0xAF, 0x5B, 0x59, 0xA5, 0xA9, 0x92, 0x4E, 0x0B, 0xAA, 0x06,
    0x1B, 0xB7, 0x5B, 0x49, 0xAB, 0x07, 0x1D, 0xB3, 0x8B, 0xB2, 0x01, 0xAC,
    0x06, 0x14, 0xB3, 0x19, 0x39, 0xAD, 0x05, 0x4B, 0xB5, 0x19, 0xAE, 0x0B,
    0x3D, 0xAF, 0x5B, 0x79, 0xA4, 0x39, 0x75, 0x5A, 0x00, 0xAF, 0x06, 0x0C,
    0xBB, 0x19, 0x01, 0xB0, 0x06, 0x5B, 0xB7, 0xEB, 0x02, 0xB1, 0x0B, 0x35,
    0xB1, 0xCD, 0x28, 0x0E, 0x99, 0x51, 0x1C, 0x02, 0xB2, 0x06, 0x62, 0xB5,
    0x51, 0x06, 0xB3, 0x06, 0x62, 0xB5, 0x19, 0x69, 0xB4, 0x06, 0x52, 0xB9,
    0x53, 0x00, 0xB5, 0x08, 0x2C, 0xAF, 0x89, 0xE6, 0x48, 0x19, 0xB6, 0x08,
    0x34, 0xB1, 0x1B, 0x6A, 0xF5, 0x03, 0xB7, 0x06, 0x52, 0xB5, 0x19, 0x01,
    0xB8, 0x06, 0x52, 0xAF, 0x53, 0x00, 0xB9, 0x07, 0x63, 0xB5, 0x4B, 0x32,
    0x0D, 0xBA, 0x06, 0x1B, 0xB7, 0xEB, 0x02, 0xBB, 0x08, 0x1D, 0xB3, 0x89,
    0xA5, 0x4C, 0x00, 0xBC, 0x09, 0x3C, 0xAF, 0xC9, 0xCD, 0xA8, 0x76, 0x00,
    0xBD, 0x09, 0x3C, 0xAF, 0xC9, 0x2D, 0x1D, 0xB3, 0x00, 0xBE, 0x0A, 0x3C,
    0xAF, 0x91, 0x3A, 0xAA, 0xA8, 0x76, 0x00, 0xBF, 0x09, 0x73, 0xB1, 0xCB,
    0x30, 0xC5, 0x54, 0x01, 0xC0, 0x09, 0x34, 0xB1, 0x53, 0x51, 0x8E, 0x29,
    0x03, 0xC1, 0x09, 0x34, 0xB1, 0x53, 0x51, 0x8E, 0x29, 0x03, 0xC2, 0x09,
    0x34, 0xB1, 0x53, 0x51, 0x8E, 0x29, 0x03, 0xC3, 0x09, 0x34, 0xB1, 0x53,
    0x51, 0x8E, 0x29, 0x03, 0xC4, 0x0A, 0x34, 0xB1, 0x89, 0x49, 0xC5, 0x31,
    0x65, 0x00, 0xC5, 0x09, 0x34, 0xB1, 0x93, 0x2A, 0x8E, 0x29, 0x03, 0xC6,
    0x09, 0x34, 0xB1, 0x1B, 0xA9, 0x1A, 0xAA, 0x25, 0xC7, 0x0A, 0x3C, 0xAF,
    0x53, 0x51, 0x97, 0x49, 0x46, 0x00, 0xC8, 0x09, 0x34, 0xB1, 0x19, 0x7A,
    0xE5, 0x3C, 0x02, 0xC9, 0x09, 0x34, 0xB1, 0x19, 0x7A, 0xE5, 0x3C, 0x02,
    0xCA, 0x09, 0x34, 0xB1, 0x19, 0x7A, 0xE5, 0x3C, 0x02, 0xCB, 0x09, 0x34,
    0xB1, 0x19, 0x7A, 0xE5, 0x3C, 0x02, 0xCC, 0x07, 0x73, 0xB1, 0x59, 0xB1,
    0x35, 0xCD, 0x07, 0x73, 0xB1, 0x59, 0xB1, 0x35, 0xCE, 0x07, 0x73, 0xB1,
    0x59, 0xB1, 0x35, 0xCF, 0x07, 0x73, 0xB1, 0x59, 0xB1, 0x35, 0xD0, 0x09,
    0x34, 0xB1, 0x99, 0x69, 0x75, 0x8D, 0x04, 0xD1, 0x08, 0x34, 0xB1, 0x49,
    0x73, 0xA9, 0x33, 0xD2, 0x09, 0x34, 0xB1, 0x53, 0xD1, 0x99, 0x14, 0x00,
    0xD3, 0x09, 0x34, 0xB1, 0x53, 0xD1, 0x99, 0x14, 0x00, 0xD4, 0x09, 0x34,
    0xB1, 0x53, 0xD1, 0x99, 0x14, 0x00, 0xD5, 0x09, 0x34, 0xB1, 0x53, 0xD1,
    0x99, 0x14, 0x00, 0xD6, 0x0A, 0x34, 0xB1, 0x89, 0x49, 0x45, 0x33, 0x29,
    0x00, 0xD7, 0x08, 0x24, 0xB1, 0x89, 0x49, 0xAA, 0x18, 0xD8, 0x09, 0x34,
    0xB1, 0x1B, 0xE9, 0x48, 0x47, 0x02, 0xD9, 0x08, 0x34, 0xB1, 0x89, 0x9E,
    0x49, 0x01, 0xDA, 0x08, 0x34, 0xB1, 0x89, 0x9E, 0x49, 0x01, 0xDB, 0x08,
    0x34, 0xB1, 0x89, 0x9E, 0x49, 0x01, 0xDC, 0x0A, 0x34, 0xB1, 0x89, 0x19,
    0x45, 0x33, 0x29, 0x00, 0xDD, 0x08, 0x73, 0xB1, 0x49, 0x56, 0x59, 0x01,
    0xDE, 0x0A, 0x34, 0xB1, 0xC9, 0x2B, 0x8E, 0x94, 0x33, 0x00, 0xDF, 0x09,
    0x34, 0xB1, 0x53, 0x51, 0x95, 0x56, 0x02, 0xE0, 0x0A, 0x34, 0xB1, 0xCB,
    0x28, 0x8E, 0xA8, 0x54, 0x01, 0xE1, 0x09, 0x34, 0xB1, 0xAD, 0x47, 0x54,
    0xAA, 0x00, 0xE2, 0x09, 0x34, 0xB1, 0xAD, 0xD2, 0x88, 0x4A, 0x15, 0xE3,
    0x0A, 0x34, 0xB1, 0x4B, 0x2A, 0x8E, 0xA8, 0x54, 0x01, 0xE4, 0x09, 0x34,
    0xB1, 0xAB, 0xE1, 0x88, 0x4A, 0x15, 0xE5, 0x09, 0x34, 0xB1, 0x93, 0x72,
    0x44, 0xA5, 0x0A, 0xE6, 0x08, 0x24, 0xB1, 0x1B, 0x69, 0xC5, 0x01, 0xE7,
    0x08, 0x6B, 0xAF, 0x9B, 0x59, 0x25, 0x00, 0xE8, 0x0A, 0x34, 0xB1, 0xCB,
    0x28, 0xAA, 0x34, 0xB2, 0x02, 0xE9, 0x09, 0x34, 0xB1, 0xAD, 0x55, 0x1A,
    0x59, 0x01, 0xEA, 0x0A, 0x34, 0xB1, 0x8B, 0x29, 0xAA, 0x34, 0xB2, 0x02,
    0xEB, 0x0A, 0x34, 0xB1, 0x49, 0x19, 0xAB, 0x34, 0xB2, 0x02, 0xEC, 0x08,
    0x73, 0xB1, 0xC9, 0x49, 0x56, 0x03, 0xED, 0x07, 0x73, 0xB1, 0x2B, 0x65,
    0x35, 0xEE, 0x07, 0x73, 0xB1, 0xAB, 0x66, 0x35, 0xEF, 0x08, 0x73, 0xB1,
    0x49, 0x59, 0x56, 0x03, 0xF0, 0x0A, 0x34, 0xB1, 0xCB, 0xC8, 0x8A, 0x32,
    0x29, 0x00, 0xF1, 0x09, 0x34, 0xB1, 0x4B, 0x2A, 0xAD, 0x68, 0x06, 0xF2,
    0x0A, 0x34, 0xB1, 0xCB, 0x28, 0xAA, 0x28, 0x93, 0x02, 0xF3, 0x09, 0x34,
    0xB1, 0xAD, 0x55, 0x94, 0x49, 0x01, 0xF4, 0x0A, 0x34, 0xB1, 0xD3, 0x58,
    0x45, 0x99, 0x14, 0x00, 0xF5, 0x0A, 0x34, 0xB1, 0x4B, 0x2A, 0xAA, 0x28,
    0x93, 0x02, 0xF6, 0x0A, 0x34, 0xB1, 0xAB, 0xA1, 0x8A, 0x32, 0x29, 0x00,
    0xF7, 0x09, 0x2C, 0xB1, 0xD3, 0x70, 0x64, 0xA8, 0x00, 0xF8, 0x09, 0x24,
    0xB1, 0x1B, 0x69, 0xA4, 0x91, 0x00, 0xF9, 0x09, 0x34, 0xB1, 0xCB, 0xA8,
    0x34, 0xD3, 0x00, 0xFA, 0x07, 0x34, 0xB1, 0x6D, 0x9A, 0x69, 0xFB, 0x08,
    0x34, 0xB1, 0xD3, 0x30, 0x9A, 0x69, 0xFC, 0x09, 0x34, 0xB1, 0xAB, 0x51,
    0x34, 0xD3, 0x00, 0xFD, 0x09, 0x3C, 0xAF, 0x6D, 0xCA, 0x54, 0x96, 0x00,
    0xFE, 0x0A, 0x34, 0xAF, 0xC9, 0x2B, 0xCA, 0x91, 0x32, 0x00, 0xFF, 0x0A,
    0x3C, 0xAF, 0xAB, 0x51, 0x94, 0xA9, 0x2C, 0x01, 0x00, 0x00, 0x00, 0x04,
    0xFF, 0xFF, 0x00,
};

const uint8_t u8g2_font_6x10_tf[] = {
    0xBF, 0x00, 0x02, 0x02, 0x03, 0x04, 0x03, 0x05, 0x04, 0x06, 0x0A, 0x00,
    0xFE, 0x07, 0xFE, 0x07, 0x00, 0x01, 0x42, 0x02, 0x92, 0x07, 0xB3, 0x20,
    0x05, 0x00, 0x62, 0x07, 0x21, 0x07, 0x39, 0x43, 0x67, 0xA8, 0x00, 0x22,
    0x07, 0x9B, 0x52, 0x27, 0x59, 0x01, 0x23, 0x0D, 0x3D, 0x42, 0xAF, 0x4C,
    0x69, 0xA8, 0x6A, 0xA8, 0x32, 0x25, 0x00, 0x24, 0x0B, 0x3D, 0x42, 0x37,
    0xAF, 0x7A, 0xA7, 0xB4, 0x23, 0x00, 0x25, 0x0B, 0x3D, 0x42, 0x2F, 0xAA,
    0xEE, 0xAA, 0x25, 0x13, 0x00, 0x26, 0x0C, 0x3D, 0x42, 0x2F, 0xA7, 0x98,
    0x72, 0x95, 0x64, 0x54, 0x01, 0x27, 0x05, 0x19, 0x53, 0x67, 0x28, 0x08,
    0xBB, 0x42, 0x37, 0x95, 0x75, 0x01, 0x29, 0x08, 0xBB, 0x42, 0x27, 0x97,
    0x55, 0x09, 0x2A, 0x0A, 0x2D, 0x46, 0x27, 0xA7, 0x6A, 0xA8, 0x76, 0x00,
    0x2B, 0x0A, 0x2D, 0x46, 0x37, 0xA3, 0x38, 0x64, 0x46, 0x11, 0x2C, 0x07,
    0x9B, 0x3E, 0x4F, 0x95, 0x00, 0x2D, 0x06, 0x0D, 0x4E, 0x67, 0x08, 0x2E,
    0x07, 0x9B, 0x3E, 0x2F, 0xAD, 0x04, 0x2F, 0x0B, 0x3D, 0x42, 0x1F, 0x65,
    0x94, 0xBB, 0x51, 0x46, 0x00, 0x30, 0x0A, 0x3D, 0x42, 0x37, 0xA7, 0xDA,
    0x4E, 0x75, 0x04, 0x31, 0x0C, 0x3D, 0x42, 0x37, 0xCB, 0x94, 0x51, 0x46,
    0x19, 0xC5, 0x21, 0x32, 0x0C, 0x3D, 0x42, 0x6F, 0xE5, 0x8C, 0xA2, 0xCC,
    0x19, 0x0D, 0x01, 0x33, 0x0C, 0x3D, 0x42, 0x67, 0x68, 0x94, 0xB3, 0x86,
    0x3A, 0x2D, 0x00, 0x34, 0x0C, 0x3D, 0x42, 0x3F, 0xCB, 0x54, 0xA6, 0xA1,
    0x33, 0x4A, 0x00, 0x35, 0x0B, 0x3D, 0x42, 0xE7, 0x46, 0xC9, 0xCC, 0x48,
    0xA7, 0x05, 0x36, 0x0B, 0x3D, 0x42, 0x57, 0xE6, 0x8C, 0x92, 0xA9, 0xD3,
    0x02, 0x37, 0x0C, 0x3D, 0x42, 0x67, 0x68, 0x94, 0x33, 0xCA, 0x35, 0xCA,
    0x00, 0x38, 0x0B, 0x3D, 0x42, 0x6F, 0x65, 0x9D, 0x56, 0xD6, 0x69, 0x01,
    0x39, 0x0C, 0x3D, 0x42, 0x6F, 0x65, 0xA9, 0x54, 0x46, 0x39, 0x4A, 0x00,
    0x3A, 0x0A, 0xBB, 0x3E, 0x2F, 0xAD, 0x0C, 0xD3, 0x4A, 0x00, 0x3B, 0x09,
    0xBB, 0x3E, 0x2F, 0xAD, 0x0C, 0x55, 0x09, 0x3C, 0x0A, 0xBC, 0x42, 0x3F,
    0xB6, 0x51, 0x46, 0x19, 0x05, 0x3D, 0x08, 0x1D, 0x4A, 0x67, 0x68, 0x38,
    0x04, 0x3E, 0x0B, 0xBC, 0x42, 0x27, 0xA3, 0x8C, 0x32, 0x8A, 0x6D, 0x00,
    0x3F, 0x0A, 0x3D, 0x42, 0x6F, 0xE5, 0x36, 0xCA, 0x74, 0x04, 0x40, 0x0B,
    0x3D, 0x42, 0x6F, 0x65, 0xB9, 0x92, 0x95, 0xE1, 0x02, 0x41, 0x0B, 0x3D,
    0x42, 0x37, 0xA7, 0x5A, 0x8F, 0x91, 0x75, 0x00, 0x42, 0x0C, 0x3D, 0x42,
    0x67, 0xC4, 0x2A, 0xA6, 0x59, 0xC5, 0xA1, 0x00, 0x43, 0x0C, 0x3D, 0x42,
    0x6F, 0x65, 0x8D, 0x32, 0xCA, 0x28, 0xA7, 0x05, 0x44, 0x0D, 0x3D, 0x42,
    0x67, 0xC4, 0x2A, 0xA6, 0x98, 0x62, 0x8A, 0x43, 0x01, 0x45, 0x0C, 0x3D,
    0x42, 0xE7, 0x46, 0x19, 0x8D, 0x94, 0x51, 0x46, 0x43, 0x46, 0x0D, 0x3D,
    0x42, 0xE7, 0x46, 0x19, 0x8D, 0x94, 0x51, 0x46, 0x19, 0x01, 0x47, 0x0C,
    0x3D, 0x42, 0x6F, 0x65, 0x8D, 0x32, 0x8A, 0x3B, 0x2D, 0x00, 0x48, 0x09,
    0x3D, 0x42, 0x27, 0xDB, 0x63, 0x64, 0x3B, 0x49, 0x08, 0xBB, 0x42, 0x67,
    0xC5, 0xAE, 0x01, 0x4A, 0x0C, 0x3D, 0x42, 0x77, 0x67, 0x94, 0x51, 0x46,
    0x65, 0x94, 0x00, 0x4B, 0x0B, 0x3D, 0x42, 0x27, 0xCB, 0x54, 0xEA, 0x14,
    0xAB, 0x1C, 0x4C, 0x0E, 0x3D, 0x42, 0x27, 0xA3, 0x8C, 0x32, 0xCA, 0x28,
    0xA3, 0x8C, 0x86, 0x00, 0x4D, 0x0A, 0x3D, 0x42, 0x27, 0xEB, 0xB5, 0x92,
    0xB6, 0x03, 0x4E, 0x0A, 0x3D, 0x42, 0x27, 0xEB, 0xA9, 0x92, 0xDC, 0x3A,
    0x4F, 0x09, 0x3D, 0x42, 0x6F, 0x65, 0xEF, 0xB4, 0x00, 0x50, 0x0D, 0x3D,
    0x42, 0x67, 0xA4, 0xAC, 0x87, 0xCA, 0x28, 0xA3, 0x8C, 0x00, 0x51, 0x0A,
    0x45, 0x3E, 0x6F, 0x65, 0xAF, 0x6A, 0xC3, 0x00, 0x52, 0x0B, 0x3D, 0x42,
    0x67, 0xA4, 0xAC, 0x87, 0x2A, 0xAB, 0x1C, 0x53, 0x0B, 0x3D, 0x42, 0x6F,
    0x65, 0x0D, 0x37, 0xD4, 0x69, 0x01, 0x54, 0x0E, 0x3D, 0x42, 0x67, 0xC8,
    0x8C, 0x32, 0xCA, 0x28, 0xA3, 0x8C, 0x22, 0x00, 0x55, 0x08, 0x3D, 0x42,
    0x27, 0xFB, 0x4E, 0x0B, 0x56, 0x0B, 0x3D, 0x42, 0x27, 0xDB, 0xA9, 0x4C,
    0x31, 0xE5, 0x08, 0x57, 0x0A, 0x3D, 0x42, 0x27, 0xBB, 0x92, 0x4A, 0x77,
    0x00, 0x58, 0x0A, 0x3D, 0x42, 0x27, 0xEB, 0x54, 0x57, 0xB5, 0x0E, 0x59,
    0x0C, 0x3D, 0x42, 0x27, 0xEB, 0x54, 0x67, 0x94, 0x51, 0x46, 0x11, 0x5A,
    0x0A, 0x3D, 0x42, 0x67, 0x68, 0x94, 0xBB, 0xD1, 0x10, 0x5B, 0x08, 0xBB,
    0x42, 0x67, 0xC4, 0xCE, 0x01, 0x5C, 0x0D, 0x3D, 0x42, 0x27, 0xA3, 0x0C,
    0x33, 0xCC, 0x30, 0xC3, 0x8C, 0x02, 0x5D, 0x08, 0xBB, 0x42, 0x67, 0x76,
    0x8E, 0x00, 0x5E, 0x07, 0x1D, 0x52, 0x37, 0xA7, 0x3A, 0x5F, 0x06, 0x0D,
    0x3E, 0x67, 0x08, 0x60, 0x06, 0x12, 0x5B, 0x27, 0x06, 0x61, 0x0A, 0x2D,
    0x42, 0x6F, 0xC3, 0x34, 0x74, 0x1A, 0x01, 0x62, 0x0C, 0x3D, 0x42, 0x27,
    0xA3, 0x8C, 0x92, 0xA9, 0xA7, 0x52, 0x00, 0x63, 0x0A, 0x2D, 0x42, 0x6F,
    0x65, 0x8D, 0x72, 0x5A, 0x00, 0x64, 0x0B, 0x3D, 0x42, 0x1F, 0x65, 0x94,
    0xCC, 0x2D, 0x95, 0x0A, 0x65, 0x0A, 0x2D, 0x42, 0x6F, 0xE5, 0x31, 0x32,
    0x5C, 0x00, 0x66, 0x0C, 0x3D, 0x42, 0x57, 0x56, 0x79, 0xC4, 0x8C, 0x32,
    0xCA, 0x00, 0x67, 0x0C, 0x3D, 0x3A, 0x6F, 0x68, 0x9D, 0x46, 0x46, 0x3A,
    0x2D, 0x00, 0x68, 0x0B, 0x3D, 0x42, 0x27, 0xA3, 0x8C, 0x92, 0xA9, 0xED,
    0x00, 0x69, 0x08, 0xBB, 0x42, 0x2F, 0x23, 0xD9, 0x1A, 0x6A, 0x0B, 0xCC,
    0x3A, 0x3F, 0x63, 0x5D, 0x4B, 0x99, 0x14, 0x00, 0x6B, 0x0C, 0x3D, 0x42,
    0x27, 0xA3, 0x8C, 0xB2, 0x4C, 0xB3, 0xCA, 0x01, 0x6C, 0x07, 0xBB, 0x42,
    0x47, 0xF6, 0x1A, 0x6D, 0x0A, 0x2D, 0x42, 0x47, 0xB5, 0x54, 0x52, 0x49,
    0x07, 0x6E, 0x08, 0x2D, 0x42, 0x27, 0x99, 0xDA, 0x0E, 0x6F, 0x09, 0x2D,
    0x42, 0x6F, 0x65, 0x3B, 0x2D, 0x00, 0x70, 0x0C, 0x3D, 0x3A, 0x27, 0x99,
    0x7A, 0x2A, 0x95, 0x51, 0x46, 0x00, 0x71, 0x0B, 0x3D, 0x3A, 0xCF, 0xDC,
    0x52, 0xA9, 0x8C, 0x32, 0x0A, 0x72, 0x0B, 0x2D, 0x42, 0x27, 0x99, 0x1A,
    0x65, 0x94, 0x11, 0x00, 0x73, 0x0A, 0x2D, 0x42, 0x6F, 0x65, 0xB8, 0xE1,
    0x50, 0x00, 0x74, 0x0D, 0x3D, 0x42, 0x2F, 0xA3, 0x3C, 0x62, 0x46, 0x19,
    0xC5, 0xA8, 0x00, 0x75, 0x08, 0x2D, 0x42, 0x27, 0x3B, 0x95, 0x0A, 0x76,
    0x0A, 0x2D, 0x42, 0x27, 0xEB, 0x54, 0xA6, 0x1C, 0x01, 0x77, 0x09, 0x2D,
    0x42, 0x27, 0x5B, 0x49, 0x75, 0x01, 0x78, 0x09, 0x2D, 0x42, 0x27, 0xA7,
    0xBA, 0xAA, 0x03, 0x79, 0x0B, 0x3D, 0x3A, 0x27, 0x9B, 0x4A, 0x65, 0xA4,
    0xD3, 0x02, 0x7A, 0x08, 0x2D, 0x42, 0x67, 0xE8, 0xF6, 0x10, 0x7B, 0x0B,
    0xBC, 0x42, 0x57, 0x65, 0x94, 0x34, 0x8A, 0x19, 0x09, 0x7C, 0x06, 0x39,
    0x43, 0xE7, 0x08, 0x7D, 0x0C, 0xBC, 0x42, 0x47, 0xA3, 0x98, 0x91, 0xCA,
    0x28, 0x49, 0x00, 0x7E, 0x09, 0x1D, 0x52, 0x2F, 0xAA, 0x24, 0x13, 0x00,
    0xA0, 0x05, 0x00, 0x62, 0x07, 0xA1, 0x07, 0x39, 0x43, 0x27, 0x0D, 0x01,
    0xA2, 0x0C, 0x3D, 0x3E, 0x37, 0x0F, 0x15, 0x53, 0x4C, 0x79, 0xC4, 0x08,
    0xA3, 0x0B, 0x3D, 0x42, 0x57, 0x56, 0x79, 0x67, 0x14, 0x95, 0x02, 0xA4,
    0x0A, 0x2D, 0x42, 0x27, 0xA7, 0x99, 0xE2, 0xCA, 0x01, 0xA5, 0x0D, 0x45,
    0x3E, 0x27, 0xEB, 0x54, 0xC7, 0x21, 0x33, 0xCA, 0x28, 0x02, 0xA6, 0x06,
    0x39, 0x43, 0x67, 0x0D, 0xA7, 0x0B, 0x45, 0x3E, 0x6F, 0x65, 0x34, 0x3B,
    0x37, 0x4A, 0x0B, 0xA8, 0x06, 0x8B, 0x5E, 0x27, 0x05, 0xA9, 0x0C, 0x3D,
    0x42, 0x6F, 0x65, 0x95, 0xA6, 0x4A, 0x3A, 0x2D, 0x00, 0xAA, 0x0A, 0xB4,
    0x46, 0x6F, 0x44, 0xA5, 0x6A, 0x34, 0x02, 0xAB, 0x0B, 0x2E, 0x42, 0xB7,
    0x8A, 0x29, 0xE6, 0x98, 0x63, 0x00, 0xAC, 0x07, 0x94, 0x4A, 0x67, 0xE4,
    0x00, 0xAD, 0x06, 0x8C, 0x4E, 0x67, 0x04, 0xAE, 0x0B, 0x3D, 0x42, 0x6F,
    0xE5, 0x91, 0xE6, 0xD4, 0x69, 0x01, 0xAF, 0x06, 0x0D, 0x5E, 0x67, 0x08,
    0xB0, 0x06, 0x9B, 0x52, 0xAF, 0x0B, 0xB1, 0x0B, 0x35, 0x42, 0x37, 0xA3,
    0x38, 0x64, 0x46, 0x71, 0x08, 0xB2, 0x08, 0xAC, 0x4E, 0x4F, 0xC5, 0xE6,
    0x08, 0xB3, 0x0A, 0xAC, 0x4E, 0x67, 0xA3, 0xA4, 0xD1, 0x48, 0x00, 0xB4,
    0x06, 0x12, 0x5B, 0x4F, 0x01, 0xB5, 0x0A, 0x35, 0x3E, 0x27, 0xDB, 0x53,
    0xA9, 0x8C, 0x00, 0xB6, 0x0E, 0x3D, 0x42, 0x6F, 0x8C, 0x34, 0x52, 0x52,
    0x31, 0xC5, 0x14, 0x53, 0x00, 0xB7, 0x05, 0x09, 0x4F, 0x27, 0xB8, 0x06,
    0x12, 0x3B, 0x4F, 0x01, 0xB9, 0x07, 0xAB, 0x4E, 0x2F, 0xC9, 0x6A, 0xBA,
    0x0A, 0xB4, 0x46, 0x4F, 0x45, 0x99, 0x34, 0x1C, 0x01, 0xBB, 0x0C, 0x2E,
    0x42, 0x27, 0xE6, 0x98, 0x63, 0x8A, 0x29, 0x46, 0x00, 0xBC, 0x10, 0x4E,
    0x3E, 0x2F, 0x23, 0x0D, 0x33, 0xCC, 0x68, 0x66, 0xA4, 0x53, 0x1C, 0x19,
    0x06, 0xBD, 0x10, 0x4E, 0x3E, 0x2F, 0x23, 0x0D, 0x33, 0xCC, 0x68, 0x65,
    0x54, 0xC3, 0x8C, 0x32, 0x1A, 0xBE, 0x0E, 0x4D, 0x3E, 0x47, 0xC3, 0x9C,
    0x61, 0x94, 0x59, 0xA6, 0x34, 0x32, 0x0A, 0xBF, 0x0A, 0x3D, 0x42, 0x37,
    0xD3, 0x19, 0xE5, 0xD6, 0x02, 0xC0, 0x0C, 0x45, 0x42, 0x2F, 0xC3, 0xBC,
    0xB2, 0x1E, 0x23, 0xEB, 0x00, 0xC1, 0x0B, 0x45, 0x42, 0xBF, 0x5E, 0x59,
    0x8F, 0x91, 0x75, 0x00, 0xC2, 0x0C, 0x45, 0x42, 0x37, 0xA7, 0xB8, 0xB2,
    0x1E, 0x23, 0xEB, 0x00, 0xC3, 0x0C, 0x45, 0x42, 0x2F, 0x2A, 0xB9, 0xB2,
    0x1E, 0x23, 0xEB, 0x00, 0xC4, 0x0B, 0x45, 0x42, 0xAF, 0xA6, 0x56, 0xD6,
    0x63, 0x64, 0x1D, 0xC5, 0x0C, 0x45, 0x42, 0x37, 0xA7, 0xB8, 0xB2, 0x1E,
    0x23, 0xEB, 0x00, 0xC6, 0x0B, 0x3E, 0x42, 0x77, 0xA4, 0xB2, 0x39, 0x46,
    0x6C, 0x0E, 0xC7, 0x0D, 0x4D, 0x3A, 0x6F, 0x65, 0x8D, 0x32, 0xCA, 0x28,
    0xA7, 0x5D, 0x03, 0xC8, 0x0E, 0x45, 0x42, 0x2F, 0x8F, 0x8D, 0x32, 0x1A,
    0x29, 0xA3, 0x8C, 0x86, 0x00, 0xC9, 0x0E, 0x45, 0x42, 0x3F, 0x8D, 0x8D,
    0x32, 0x1A, 0x29, 0xA3, 0x8C, 0x86, 0x00, 0xCA, 0x0E, 0x45, 0x42, 0x37,
    0x8E, 0x8D, 0x32, 0x1A, 0x29, 0xA3, 0x8C, 0x86, 0x00, 0xCB, 0x0E, 0x45,
    0x42, 0xAF, 0x1A, 0x1B, 0x65, 0x34, 0x52, 0x46, 0x19, 0x0D, 0x01, 0xCC,
    0x09, 0xC3, 0x42, 0x27, 0xA7, 0x15, 0x5B, 0x03, 0xCD, 0x09, 0xC3, 0x42,
    0x37, 0xA5, 0x15, 0x5B, 0x03, 0xCE, 0x09, 0xC3, 0x42, 0xAF, 0x1A, 0x29,
    0xB6, 0x06, 0xCF, 0x09, 0xC3, 0x42, 0x27, 0xE5, 0x15, 0x5B, 0x03, 0xD0,
    0x0D, 0x3D, 0x42, 0x67, 0xC4, 0x2A, 0x8E, 0x54, 0xA6, 0x38, 0x14, 0x00,
    0xD1, 0x0B, 0x45, 0x42, 0x37, 0x75, 0x4F, 0x95, 0xE4, 0xD6, 0x01, 0xD2,
    0x0B, 0x45, 0x42, 0x2F, 0xC3, 0xBC, 0xB2, 0x3B, 0x2D, 0x00, 0xD3, 0x0A,
    0x45, 0x42, 0xBF, 0x5E, 0xD9, 0x9D, 0x16, 0x00, 0xD4, 0x0B, 0x45, 0x42,
    0x37, 0xA7, 0xB8, 0xB2, 0x3B, 0x2D, 0x00, 0xD5, 0x0A, 0x45, 0x42, 0x37,
    0x35, 0x57, 0x76, 0xA7, 0x05, 0xD6, 0x0A, 0x45, 0x42, 0xAF, 0xA6, 0x56,
    0x76, 0xA7, 0x05, 0xD7, 0x09, 0x2D, 0x42, 0x27, 0xA7, 0xBA, 0xAA, 0x03,
    0xD8, 0x0B, 0x3D, 0x42, 0x6F, 0xC5, 0x2B, 0xCD, 0x99, 0x16, 0x00, 0xD9,
    0x0A, 0x45, 0x42, 0x2F, 0xC3, 0xDA, 0x3B, 0x2D, 0x00, 0xDA, 0x09, 0x45,
    0x42, 0xBF, 0xCC, 0xDE, 0x69, 0x01, 0xDB, 0x0B, 0x45, 0x42, 0x37, 0xA7,
    0x8C, 0xB3, 0x3B, 0x2D, 0x00, 0xDC, 0x0A, 0x45, 0x42, 0xAF, 0xC6, 0xD9,
    0x3B, 0x2D, 0x00, 0xDD, 0x0C, 0x45, 0x42, 0xBF, 0xCC, 0x3A, 0xD5, 0x19,
    0x65, 0x14, 0x01, 0xDE, 0x0E, 0x3D, 0x42, 0x27, 0xA3, 0x91, 0xF2, 0x50,
    0x19, 0x65, 0x94, 0x11, 0x00, 0xDF, 0x0B, 0x3D, 0x42, 0x6F, 0x65, 0x99,
    0xCA, 0x2A, 0x2B, 0x05, 0xE0, 0x0C, 0x45, 0x42, 0x2F, 0xC3, 0x4C, 0x6E,
    0x98, 0x86, 0x4E, 0x23, 0xE1, 0x0B, 0x45, 0x42, 0xBF, 0x26, 0x37, 0x4C,
    0x43, 0xA7, 0x11, 0xE2, 0x0C, 0x45, 0x42, 0x37, 0xA7, 0x4C, 0x6D, 0x98,
    0x86, 0x4E, 0x23, 0xE3, 0x0C, 0x45, 0x42, 0x37, 0xB5, 0xA9, 0x0D, 0xD3,
    0xD0, 0x69, 0x04, 0xE4, 0x0B, 0x3D, 0x42, 0xAF, 0xA6, 0x36, 0x4C, 0x43,
    0xA7, 0x11, 0xE5, 0x0C, 0x45, 0x42, 0x37, 0xA7, 0x9C, 0x37, 0x4C, 0x43,
    0xA7, 0x11, 0xE6, 0x0B, 0x2E, 0x42, 0x6F, 0x64, 0x54, 0x8D, 0x99, 0x87,
    0x00, 0xE7, 0x0B, 0x3D, 0x3A, 0x6F, 0x65, 0x8D, 0x72, 0xDA, 0x35, 0x00,
    0xE8, 0x0C, 0x45, 0x42, 0x2F, 0xC3, 0x4C, 0xAE, 0x3C, 0x46, 0x86, 0x0B,
    0xE9, 0x0B, 0x45, 0x42, 0xBF, 0x26, 0x57, 0x1E, 0x23, 0xC3, 0x05, 0xEA,
    0x0C, 0x45, 0x42, 0x37, 0xA7, 0x4C, 0xAD, 0x3C, 0x46, 0x86, 0x0B, 0xEB,
    0x0B, 0x3D, 0x42, 0xAF, 0xA6, 0x56, 0x1E, 0x23, 0xC3, 0x05, 0xEC, 0x09,
    0xC3, 0x42, 0x27, 0x67, 0x24, 0x5B, 0x03, 0xED, 0x08, 0xC3, 0x42, 0xAF,
    0x86, 0xB2, 0x35, 0xEE, 0x08, 0xC3, 0x42, 0xAF, 0x2D, 0x5B, 0x03, 0xEF,
    0x08, 0xBB, 0x42, 0x27, 0x65, 0xD9, 0x1A, 0xF0, 0x0B, 0x3D, 0x42, 0x47,
    0x43, 0xB9, 0xB2, 0x9D, 0x16, 0x00, 0xF1, 0x0A, 0x45, 0x42, 0x37, 0xB5,
    0x71, 0x32, 0xB5, 0x1D, 0xF2, 0x0B, 0x45, 0x42, 0x2F, 0xC3, 0x4C, 0xAE,
    0x6C, 0xA7, 0x05, 0xF3, 0x0A, 0x45, 0x42, 0xBF, 0x26, 0x57, 0xB6, 0xD3,
    0x02, 0xF4, 0x0B, 0x45, 0x42, 0x37, 0xA7, 0x4C, 0xAD, 0x6C, 0xA7, 0x05,
    0xF5, 0x0B, 0x45, 0x42, 0x37, 0xB5, 0xA9, 0x95, 0xED, 0xB4, 0x00, 0xF6,
    0x0A, 0x3D, 0x42, 0xAF, 0xA6, 0x56, 0xB6, 0xD3, 0x02, 0xF7, 0x09, 0x2D,
    0x46, 0x37, 0x53, 0x43, 0x53, 0x11, 0xF8, 0x0A, 0x2D, 0x42, 0x6F, 0xC8,
    0x95, 0xE6, 0x50, 0x00, 0xF9, 0x0B, 0x45, 0x42, 0x2F, 0xC3, 0x4C, 0x65,
    0xA7, 0x52, 0x01, 0xFA, 0x0A, 0x45, 0x42, 0xBF, 0xA6, 0xB2, 0x53, 0xA9,
    0x00, 0xFB, 0x0B, 0x45, 0x42, 0x37, 0xA7, 0x8C, 0xB3, 0x53, 0xA9, 0x00,
    0xFC, 0x0A, 0x3D, 0x42, 0xAF, 0xC6, 0xD9, 0xA9, 0x54, 0x00, 0xFD, 0x0C,
    0x4D, 0x3A, 0xBF, 0xCC, 0xA6, 0x52, 0x19, 0xE9, 0xB4, 0x00, 0xFE, 0x0D,
    0x45, 0x3A, 0x27, 0xA3, 0x91, 0xB2, 0x3D, 0x54, 0x46, 0x19, 0x01, 0xFF,
    0x0D, 0x4D, 0x3A, 0xAF, 0xC6, 0xD9, 0x54, 0x2A, 0x23, 0x9D, 0x16, 0x00,
    0x00, 0x00, 0x00, 0x04, 0xFF, 0xFF, 0x00,
};

const uint8_t u8g2_font_8x13_tr[] = {
    0x5F, 0x00, 0x03, 0x02, 0x03, 0x04, 0x03, 0x05, 0x05, 0x08, 0x0D, 0x00,
    0xFE, 0x09, 0xFE, 0x09, 0x00, 0x01, 0x72, 0x02, 0xEC, 0x04, 0x4A, 0x20,
    0x05, 0x00, 0x6E, 0x0C, 0x21, 0x07, 0xC9, 0x43, 0x8C, 0x43, 0x12, 0x22,
    0x07, 0x1C, 0x5B, 0x8C, 0xC8, 0x14, 0x23, 0x0E, 0xBE, 0x46, 0x9C, 0xA8,
    0x65, 0x58, 0xA2, 0x64, 0x58, 0xA2, 0x16, 0x00, 0x24, 0x0F, 0xCD, 0x42,
    0xAC, 0x6C, 0x50, 0xA2, 0x24, 0xDB, 0x92, 0x28, 0x19, 0xB4, 0x08, 0x25,
    0x10, 0xCE, 0x42, 0x9C, 0x4C, 0x89, 0x92, 0x28, 0x4C, 0xC3, 0x52, 0x25,
    0xD1, 0x12, 0x00, 0x26, 0x0D, 0xBE, 0x42, 0x1C, 0x2D, 0x6A, 0xD3, 0xA2,
    0x44, 0x8B, 0x96, 0x00, 0x27, 0x06, 0x99, 0x5B, 0x8C, 0x01, 0x28, 0x0B,
    0xCB, 0x43, 0xAC, 0x24, 0x4A, 0xA2, 0x5A, 0x94, 0x05, 0x29, 0x0C, 0x4B,
    0x43, 0x8C, 0x2C, 0xCA, 0xA2, 0x4A, 0x94, 0x44, 0x00, 0x2A, 0x0C, 0xAE,
    0x52, 0x9C, 0x28, 0x93, 0x86, 0x49, 0x8B, 0x12, 0x00, 0x2B, 0x0A, 0xAD,
    0x4A, 0xAC, 0x30, 0x1A, 0xA4, 0x30, 0x02, 0x2C, 0x08, 0x9C, 0x3E, 0x9C,
    0x45, 0xC9, 0x00, 0x2D, 0x06, 0x8D, 0x52, 0x8C, 0x41, 0x2E, 0x08, 0x1B,
    0x3F, 0x9C, 0x64, 0x49, 0x00, 0x2F, 0x09, 0x4F, 0x42, 0xEC, 0x6A, 0x9F,
    0x63, 0x00, 0x30, 0x0D, 0xCE, 0x42, 0x2C, 0x2D, 0x4A, 0x42, 0x8F, 0x49,
    0x94, 0x49, 0x00, 0x31, 0x0B, 0xCD, 0x42, 0xAC, 0x4C, 0x4A, 0xC2, 0x9E,
    0x06, 0x01, 0x32, 0x0E, 0xCE, 0x42, 0x9C, 0x21, 0x09, 0xC5, 0x34, 0xCC,
    0xB4, 0x30, 0x1D, 0x06, 0x33, 0x0D, 0xCE, 0x42, 0x8C, 0x6B, 0x58, 0x9C,
    0x53, 0x31, 0x19, 0x12, 0x00, 0x34, 0x10, 0xCE, 0x42, 0xCC, 0x50, 0x4B,
    0xA2, 0x4A, 0x96, 0x64, 0xC9, 0x30, 0xA6, 0x09, 0x00, 0x35, 0x0E, 0xCE,
    0x42, 0x8C, 0x43, 0x5A, 0x59, 0xB4, 0x34, 0x15, 0x93, 0x21, 0x01, 0x36,
    0x0E, 0xCE, 0x42, 0xAC, 0x29, 0x4C, 0x2B, 0x8B, 0x26, 0x8A, 0xC9, 0x90,
    0x00, 0x37, 0x0C, 0xCE, 0x42, 0x8C, 0x6B, 0x58, 0x0D, 0xD3, 0x30, 0x0D,
    0x01, 0x38, 0x0F, 0xCE, 0x42, 0x9C, 0x21, 0x09, 0x8D, 0xC9, 0x90, 0x84,
    0xC6, 0x64, 0x48, 0x00, 0x39, 0x0D, 0xCE, 0x42, 0x9C, 0x21, 0x09, 0x6D,
    0xCA, 0x92, 0x16, 0xA3, 0x09, 0x3A, 0x0B, 0x43, 0x3F, 0x9C, 0x64, 0xC9,
    0x91, 0x64, 0x49, 0x00, 0x3B, 0x0B, 0xC4, 0x3E, 0xAC, 0x68, 0xCA, 0xB1,
    0x45, 0xC9, 0x00, 0x3C, 0x08, 0x4D, 0x43, 0xCC, 0xAC, 0x6B, 0x07, 0x3D,
    0x08, 0xA6, 0x4A, 0x8C, 0x3B, 0x3A, 0x0C, 0x3E, 0x09, 0xCD, 0x42, 0x8C,
    0xB4, 0x5B, 0x47, 0x00, 0x3F, 0x0D, 0xCE, 0x42, 0x9C, 0x21, 0x09, 0xC5,
    0x34, 0xAC, 0xE6, 0x60, 0x04, 0x40, 0x10, 0xCE, 0x42, 0x9C, 0x21, 0x09,
    0x4D, 0x43, 0x12, 0x29, 0xC9, 0x94, 0xC8, 0x43, 0x02, 0x41, 0x0D, 0xCE,
    0x42, 0x2C, 0x2D, 0x4A, 0x42, 0xE3, 0x30, 0x88, 0xC6, 0x00, 0x42, 0x12,
    0xCE, 0x42, 0x8C, 0x21, 0xCA, 0x92, 0x50, 0x4B, 0x86, 0x28, 0x4B, 0x42,
    0x2D, 0x19, 0x22, 0x00, 0x43, 0x0C, 0xCE, 0x42, 0x9C, 0x21, 0x09, 0xD5,
    0x1E, 0x93, 0x21, 0x01, 0x44, 0x0D, 0xCE, 0x42, 0x8C, 0x21, 0xCA, 0x92,
    0xD0, 0xB7, 0x64, 0x88, 0x00, 0x45, 0x0C, 0xCE, 0x42, 0x8C, 0x43, 0x5A,
    0x1D, 0xA2, 0xB4, 0x3A, 0x0C, 0x46, 0x0B, 0xCE, 0x42, 0x8C, 0x43, 0x5A,
    0x1D, 0xA2, 0xB4, 0x15, 0x47, 0x0D, 0xCE, 0x42, 0x9C, 0x21, 0x09, 0xD5,
    0xA6, 0x21, 0xD4, 0x94, 0x25, 0x48, 0x0B, 0xCE, 0x42, 0x8C, 0xD0, 0x71,
    0x18, 0x44, 0xC7, 0x00, 0x49, 0x0A, 0xCD, 0x42, 0x8C, 0x41, 0x0A, 0xFB,
    0x34, 0x08, 0x4A, 0x0B, 0xCF, 0x42, 0xAC, 0x41, 0x8C, 0x7B, 0xCA, 0xB2,
    0x0D, 0x4B, 0x10, 0xCE, 0x42, 0x8C, 0x50, 0x4B, 0xA2, 0x4A, 0x26, 0x26,
    0x59, 0x54, 0x4B, 0xC2, 0x00, 0x4C, 0x09, 0xCE, 0x42, 0x8C, 0xB4, 0x5F,
    0x87, 0x01, 0x4D, 0x0E, 0x4F, 0x42, 0x8C, 0x54, 0xDD, 0x96, 0x8A, 0x14,
    0x49, 0x91, 0x6A, 0x0D, 0x4E, 0x0D, 0xCE, 0x42, 0x8C, 0x50, 0xDC, 0x94,
    0x48, 0x4A, 0xB4, 0xD1, 0x18, 0x4F, 0x0C, 0xCE, 0x42, 0x9C, 0x21, 0x09,
    0xFD, 0x98, 0x0C, 0x09, 0x00, 0x50, 0x0C, 0xCE, 0x42, 0x8C, 0x41, 0x09,
    0x8D, 0xC3, 0x92, 0xB6, 0x02, 0x51, 0x0E, 0xD6, 0x3E, 0x9C, 0x21, 0x09,
    0x7D, 0x89, 0xA4, 0x24, 0x19, 0xE2, 0x00, 0x52, 0x0E, 0xCE, 0x42, 0x8C,
    0x41, 0x09, 0x8D, 0xC3, 0x52, 0x8B, 0x6A, 0x49, 0x18, 0x53, 0x0F, 0xCE,
    0x42, 0x9C, 0x21, 0x09, 0xD5, 0x78, 0x88, 0x53, 0x31, 0x19, 0x12, 0x00,
    0x54, 0x0A, 0x4F, 0x42, 0x8C, 0x43, 0x16, 0xF7, 0x1B, 0x00, 0x55, 0x0A,
    0xCE, 0x42, 0x8C, 0xD0, 0x1F, 0x93, 0x21, 0x01, 0x56, 0x11, 0x4F, 0x42,
    0x8C, 0x54, 0x4D, 0xB2, 0x28, 0x8B, 0xB2, 0x4A, 0x98, 0x84, 0x49, 0x9A,
    0x01, 0x57, 0x0E, 0x4F, 0x42, 0x8C, 0xD4, 0x53, 0x24, 0x45, 0x52, 0xA4,
    0x74, 0x4B, 0x00, 0x58, 0x0E, 0x4F, 0x42, 0x8C, 0x54, 0x4D, 0xB2, 0x4A,
    0x5A, 0xC9, 0x2A, 0xA9, 0x1A, 0x59, 0x0C, 0x4F, 0x42, 0x8C, 0x54, 0x4D,
    0xB2, 0x4A, 0x1A, 0x77, 0x03, 0x5A, 0x0A, 0xCE, 0x42, 0x8C, 0x6B, 0xD8,
    0x6B, 0x3A, 0x0C, 0x5B, 0x09, 0x4C, 0x43, 0x8C, 0x41, 0xEB, 0xDB, 0x10,
    0x5C, 0x09, 0x4F, 0x42, 0x8C, 0x38, 0xEF, 0x73, 0x00, 0x5D, 0x09, 0xCC,
    0x42, 0x8C, 0x21, 0xEB, 0xDB, 0x20, 0x5E, 0x08, 0x9D, 0x5A, 0xAC, 0x2C,
    0xA9, 0x05, 0x5F, 0x07, 0x0F, 0x3E, 0x8C, 0x43, 0x00, 0x60, 0x06, 0x92,
    0x63, 0x8C, 0x28, 0x61, 0x0C, 0xB6, 0x42, 0x9C, 0x21, 0x4E, 0x86, 0x51,
    0x53, 0x96, 0x00, 0x62, 0x0D, 0xCE, 0x42, 0x8C, 0xB4, 0x65, 0xD1, 0x44,
    0x71, 0x53, 0x16, 0x00, 0x63, 0x0C, 0xB6, 0x42, 0x9C, 0x21, 0x09, 0xD5,
    0x62, 0x32, 0x24, 0x00, 0x64, 0x0B, 0xCE, 0x42, 0xDC, 0x96, 0x45, 0x1B,
    0x6D, 0xCA, 0x12, 0x65, 0x0D, 0xB6, 0x42, 0x9C, 0x21, 0x09, 0x87, 0x41,
    0x0D, 0x93, 0x21, 0x01, 0x66, 0x0D, 0xCE, 0x42, 0xAC, 0x29, 0x4B, 0xD2,
    0x70, 0x90, 0xD2, 0x46, 0x00, 0x67, 0x0F, 0xC6, 0x3A, 0x9C, 0x45, 0x4B,
    0xB2, 0x68, 0x8A, 0x87, 0x24, 0x4C, 0x86, 0x04, 0x68, 0x0B, 0xCE, 0x42,
    0x8C, 0xB4, 0x65, 0xD1, 0x44, 0xC7, 0x00, 0x69, 0x0A, 0xC5, 0x42, 0xAC,
    0x1C, 0x11, 0x3B, 0x0D, 0x02, 0x6A, 0x0C, 0xD5, 0x3A, 0xCC, 0x1C, 0x11,
    0x1B, 0x35, 0x2D, 0x59, 0x00, 0x6B, 0x0E, 0xCE, 0x42, 0x8C, 0xB4, 0x2D,
    0x89, 0xA2, 0x2D, 0xAA, 0x25, 0x61, 0x00, 0x6C, 0x09, 0xCD, 0x42, 0x1C,
    0xB1, 0x9F, 0x06, 0x01, 0x6D, 0x0E, 0x37, 0x42, 0x8C, 0x45, 0x89, 0x22,
    0x29, 0x92, 0x22, 0x29, 0x52, 0x03, 0x6E, 0x0A, 0xB6, 0x42, 0x8C, 0x64,
    0xD1, 0x44, 0xC7, 0x00, 0x6F, 0x0B, 0xB6, 0x42, 0x9C, 0x21, 0x09, 0x1D,
    0x93, 0x21, 0x01, 0x70, 0x0D, 0xC6, 0x3A, 0x8C, 0x64, 0xD1, 0xC4, 0x4D,
    0x59, 0xD2, 0x2A, 0x00, 0x71, 0x0B, 0xC6, 0x3A, 0x9C, 0x45, 0x1B, 0x35,
    0x65, 0x49, 0x1B, 0x72, 0x0A, 0xB6, 0x42, 0x8C, 0x64, 0xCA, 0x92, 0xB4,
    0x11, 0x73, 0x0D, 0xB6, 0x42, 0x9C, 0x21, 0x09, 0x13, 0x59, 0x09, 0x93,
    0x21, 0x01, 0x74, 0x0C, 0xC6, 0x42, 0x9C, 0x34, 0x1C, 0xA4, 0xB4, 0x2D,
    0x5A, 0x00, 0x75, 0x0E, 0xB6, 0x42, 0x8C, 0x2C, 0xC9, 0x92, 0x2C, 0xC9,
    0x92, 0x2C, 0x5A, 0x02, 0x76, 0x0B, 0xB5, 0x42, 0x8C, 0xCC, 0x96, 0x94,
    0x92, 0x2C, 0x02, 0x77, 0x0C, 0x37, 0x42, 0x8C, 0xD4, 0x14, 0x49, 0x91,
    0xD2, 0x2D, 0x01, 0x78, 0x0C, 0xB6, 0x42, 0x8C, 0x30, 0x89, 0x32, 0x51,
    0x8B, 0x92, 0x30, 0x79, 0x0D, 0xC6, 0x3A, 0x8C, 0xD0, 0x4D, 0x59, 0x52,
    0x31, 0x19, 0x12, 0x00, 0x7A, 0x08, 0xB6, 0x42, 0x8C, 0x63, 0xC7, 0x61,
    0x7B, 0x0C, 0x4D, 0x43, 0xAC, 0x25, 0x4C, 0x23, 0x35, 0x0B, 0xD3, 0x01,
    0x7C, 0x06, 0xC9, 0x43, 0x8C, 0x07, 0x7D, 0x0C, 0xCD, 0x42, 0x8C, 0x35,
    0xCC, 0x52, 0x29, 0x0D, 0x93, 0x09, 0x7E, 0x09, 0x9D, 0x5A, 0x9C, 0x48,
    0x49, 0xA4, 0x04, 0x00, 0x00, 0x00, 0x04, 0xFF, 0xFF, 0x00,
};

const uint8_t u8g2_font_logisoso20_tn[] = {
    0x12, 0x00, 0x04, 0x03, 0x04, 0x05, 0x04, 0x05, 0x05, 0x0D, 0x1A, 0x00,
    0xFE, 0x15, 0xFB, 0x15, 0x00, 0x00, 0x00, 0x00, 0x00, 0x01, 0x61, 0x20,
    0x05, 0x00, 0x10, 0x7A, 0x2A, 0x15, 0x98, 0xF6, 0xFB, 0x91, 0x09, 0x11,
    0x99, 0x90, 0x38, 0x18, 0x21, 0x39, 0x98, 0x90, 0x18, 0x11, 0x89, 0x91,
    0x01, 0x2B, 0x0E, 0x88, 0x96, 0x7A, 0x99, 0x5A, 0x73, 0xF0, 0x60, 0x64,
    0x6A, 0x06, 0x00, 0x2C, 0x09, 0x53, 0xD6, 0xE1, 0x88, 0x28, 0x49, 0x01,
    0x2D, 0x08, 0x38, 0xF6, 0x7A, 0xF8, 0x60, 0x00, 0x2E, 0x08, 0x33, 0x16,
    0xE2, 0x88, 0xA8, 0x00, 0x2F, 0x16, 0x5A, 0x15, 0xFA, 0x1B, 0x9B, 0x5B,
    0x36, 0xB7, 0x6C, 0x6E, 0xD9, 0xDC, 0x9C, 0xDC, 0x3A, 0xB9, 0x65, 0x73,
    0xEB, 0x00, 0x30, 0x15, 0x5B, 0x13, 0xFA, 0xA9, 0xBA, 0x39, 0x90, 0x18,
    0x9A, 0x98, 0xF2, 0xFF, 0xA3, 0x91, 0x03, 0x99, 0xAB, 0x1A, 0x00, 0x31,
    0x0D, 0x56, 0x19, 0xFA, 0x59, 0x42, 0x71, 0x60, 0x31, 0xB3, 0xFF, 0x1F,
    0x32, 0x1A, 0x5B, 0x15, 0xFA, 0xA9, 0xBA, 0x39, 0x90, 0x18, 0x9A, 0x98,
    0x72, 0x55, 0x35, 0x47, 0xB7, 0x8E, 0x6E, 0x1D, 0xDD, 0xC2, 0xB9, 0x83,
    0x0F, 0x0A, 0x33, 0x1A, 0x5B, 0x15, 0x7A, 0xF8, 0x41, 0xDD, 0xC2, 0xB9,
    0x39, 0xBA, 0xC1, 0x32, 0xC3, 0xC9, 0xC1, 0x5D, 0x08, 0x4D, 0x54, 0x90,
    0x1C, 0x04, 0xD9, 0x00, 0x34, 0x19, 0x5B, 0x13, 0x7A, 0x12, 0xDC, 0x50,
    0x70, 0xBB, 0xC1, 0x15, 0x43, 0x22, 0x33, 0x23, 0x33, 0x23, 0x33, 0x07,
    0x1F, 0x54, 0x0D, 0x6E, 0x03, 0x35, 0x1C, 0x5B, 0x13, 0x7A, 0xF8, 0x83,
    0xC0, 0x0D, 0x0F, 0x62, 0x0E, 0x44, 0x0E, 0x26, 0x86, 0x26, 0xA6, 0x06,
    0x37, 0xB4, 0x32, 0x1A, 0x39, 0x90, 0xB9, 0xAA, 0x01, 0x36, 0x1F, 0x5B,
    0x13, 0xFA, 0xA9, 0xBA, 0x39, 0x90, 0x18, 0x9A, 0x98, 0x32, 0x5C, 0x78,
    0x10, 0x73, 0x20, 0x72, 0x30, 0x31, 0x34, 0x31, 0xE5, 0x47, 0x23, 0x07,
    0x32, 0x57, 0x35, 0x00, 0x37, 0x16, 0x5B, 0x13, 0x7A, 0xF8, 0x83, 0xA0,
    0x89, 0xA1, 0xC1, 0xB9, 0xC1, 0xED, 0x06, 0xB7, 0x1B, 0xDC, 0x6E, 0x70,
    0x15, 0x00, 0x38, 0x1E, 0x5B, 0x15, 0xFA, 0xA9, 0xBA, 0x39, 0x90, 0x18,
    0x9A, 0x98, 0xF2, 0xEA, 0x66, 0xE4, 0x40, 0xE6, 0x81, 0xC4, 0xD0, 0xC4,
    0x94, 0x8F, 0x46, 0x0E, 0x64, 0xAE, 0x6A, 0x00, 0x39, 0x1E, 0x5B, 0x13,
    0xFA, 0xA9, 0xBA, 0x39, 0x90, 0x18, 0x9A, 0x98, 0xF2, 0x23, 0x8A, 0x83,
    0x91, 0x03, 0x99, 0x83, 0xC0, 0x85, 0x56, 0x46, 0x23, 0x07, 0x32, 0x57,
    0x35, 0x00, 0x3A, 0x0C, 0xC3, 0x76, 0x62, 0x90, 0x98, 0x88, 0x87, 0x8A,
    0xA8, 0x00, 0x00, 0x00, 0x00, 0x04, 0xFF, 0xFF, 0x00,
};

const uint8_t u8g2_font_open_iconic_all_4x_t[] = {
    0xDF, 0x00, 0x05, 0x05, 0x06, 0x06, 0x05, 0x05, 0x07, 0x20, 0x20, 0x00,
    0x00, 0x20, 0x00, 0x20, 0x00, 0x00, 0x29, 0x06, 0x8F, 0x25, 0x8D, 0x40,
    0x29, 0x20, 0x07, 0x29, 0x98, 0xD1, 0xE3, 0xE4, 0x60, 0xB0, 0x08, 0x28,
    0x28, 0x02, 0x0E, 0x89, 0x80, 0xC5, 0xD1, 0xCC, 0x56, 0xB6, 0xA2, 0x19,
    0x02, 0x16, 0x87, 0x80, 0x43, 0x22, 0xA0, 0xA0, 0x08, 0x18, 0x2C, 0x82,
    0x93, 0x63, 0xF4, 0x00, 0x41, 0x2A, 0x1F, 0x17, 0x29, 0x78, 0xD1, 0xDB,
    0xE4, 0x4C, 0x40, 0x89, 0x22, 0x50, 0x82, 0x0C, 0x94, 0x10, 0x05, 0x25,
    0x82, 0x45, 0x76, 0x84, 0x08, 0x16, 0x21, 0x44, 0x41, 0x09, 0x32, 0x50,
    0xA2, 0x08, 0x94, 0x30, 0x01, 0x25, 0x36, 0xB9, 0x45, 0x0F, 0x42, 0x28,
    0xDE, 0x15, 0x2B, 0x38, 0x21, 0x94, 0x81, 0x50, 0x93, 0xD6, 0x60, 0x96,
    0x24, 0x28, 0xE5, 0x04, 0x2E, 0xB1, 0x48, 0x09, 0x60, 0x62, 0x11, 0x9B,
    0x58, 0xF4, 0xA6, 0x13, 0x99, 0xA9, 0x54, 0xE4, 0x1A, 0x99, 0xD8, 0x82,
    0x01, 0x00, 0x43, 0x29, 0xDE, 0x15, 0x2B, 0xB8, 0x21, 0x94, 0x81, 0x50,
    0x93, 0xD6, 0x62, 0x86, 0xA4, 0x28, 0xE1, 0x24, 0x2E, 0x30, 0x48, 0x4D,
    0x60, 0x40, 0x90, 0x9A, 0x54, 0xC4, 0xA2, 0x9B, 0x4E, 0x64, 0xA6, 0x52,
    0x91, 0x6B, 0x64, 0x62, 0x0B, 0x16, 0x00, 0x44, 0x18, 0x20, 0x07, 0x29,
    0x18, 0xFC, 0x03, 0xC4, 0x07, 0x87, 0xF0, 0x7D, 0x70, 0xE8, 0x03, 0x7F,
    0x80, 0xF8, 0xE0, 0x10, 0x3E, 0x02, 0x00, 0x45, 0x1A, 0x20, 0x07, 0x29,
    0x18, 0xFC, 0x03, 0xC4, 0x07, 0x47, 0x30, 0x84, 0xF7, 0xC1, 0xB1, 0x0F,
    0xFC, 0x01, 0xE2, 0x83, 0x23, 0x18, 0xC2, 0x43, 0x00, 0x46, 0x19, 0x20,
    0x07, 0x29, 0x18, 0xFC, 0x03, 0xC4, 0x07, 0xC7, 0x30, 0x84, 0xF7, 0xC1,
    0x91, 0x0F, 0xFC, 0x01, 0xE2, 0x83, 0x63, 0x18, 0xC2, 0x03, 0x47, 0x52,
    0x20, 0x08, 0x21, 0x98, 0x21, 0xD5, 0x91, 0x8F, 0x74, 0x28, 0xC3, 0x84,
    0xA3, 0xB0, 0xE2, 0x20, 0x44, 0x30, 0xC6, 0x39, 0x88, 0x50, 0x90, 0x53,
    0x10, 0x62, 0x2C, 0x67, 0x20, 0x85, 0x58, 0x90, 0x40, 0x0A, 0xA1, 0x38,
    0x23, 0x24, 0xF0, 0x89, 0x8D, 0x6C, 0x26, 0x43, 0x95, 0xAA, 0x9C, 0xC0,
    0x25, 0x66, 0x70, 0x49, 0x21, 0xB6, 0x81, 0x51, 0x19, 0x21, 0x8E, 0x41,
    0x88, 0x73, 0x8E, 0xC2, 0xA4, 0x83, 0x2C, 0xCB, 0x20, 0x4A, 0x2B, 0xCA,
    0x11, 0x09, 0x62, 0xD4, 0x80, 0x0C, 0x0C, 0x00, 0x48, 0x1D, 0x14, 0x48,
    0x21, 0x18, 0x11, 0x90, 0xFC, 0xFF, 0x0F, 0x51, 0x41, 0x1A, 0x50, 0x71,
    0x0E, 0x93, 0x14, 0xA5, 0x2C, 0xA4, 0x19, 0x8F, 0x88, 0xC2, 0x0C, 0x12,
    0x00, 0x49, 0x48, 0x20, 0x08, 0x21, 0x98, 0x21, 0xD5, 0x81, 0x52, 0xA3,
    0xD6, 0x81, 0x8E, 0x84, 0x20, 0xE4, 0x24, 0x28, 0x29, 0x0A, 0x52, 0x88,
    0x82, 0x94, 0xB1, 0xA0, 0x45, 0x2C, 0x68, 0x11, 0x0B, 0x5A, 0x02, 0x83,
    0xF0, 0x10, 0x84, 0x13, 0xBB, 0xD0, 0x46, 0x1E, 0xE1, 0x80, 0x87, 0x40,
    0x1C, 0x22, 0x12, 0x96, 0x8C, 0x44, 0x25, 0x44, 0x41, 0x4A, 0x51, 0x8C,
    0x72, 0x14, 0xA2, 0x24, 0x45, 0x28, 0x8B, 0x6A, 0x12, 0x74, 0x2A, 0xC2,
    0x00, 0x4A, 0x4B, 0x20, 0x08, 0x21, 0x98, 0x21, 0xD5, 0x81, 0x52, 0xA3,
    0x96, 0x12, 0x96, 0xA4, 0x08, 0xE6, 0x28, 0xA3, 0x29, 0x0A, 0x71, 0x48,
    0x52, 0x9C, 0x91, 0x98, 0x47, 0x20, 0xE7, 0x11, 0x07, 0x7A, 0xC2, 0x51,
    0x15, 0x9B, 0x5C, 0x04, 0x23, 0x38, 0xB9, 0x8A, 0x5D, 0x2A, 0x11, 0x0E,
    0xF4, 0x08, 0xE4, 0x3C, 0x22, 0x31, 0xCF, 0x48, 0x8A, 0x43, 0x14, 0xE2,
    0x14, 0x65, 0x34, 0x47, 0x11, 0x4C, 0x52, 0xC2, 0xB2, 0xA8, 0x26, 0x41,
    0xA7, 0x22, 0x0C, 0x00, 0x4B, 0x4A, 0x20, 0x08, 0x21, 0x98, 0x21, 0xD5,
    0x81, 0x52, 0xA3, 0xD6, 0x12, 0x94, 0xC4, 0x08, 0xE5, 0x34, 0x43, 0x29,
    0x0E, 0x51, 0x88, 0x53, 0x92, 0xF1, 0x98, 0x44, 0x3C, 0x07, 0x11, 0x0F,
    0x3A, 0x02, 0x51, 0x17, 0xAB, 0xDC, 0x04, 0xA3, 0x6E, 0x62, 0x95, 0x7A,
    0x84, 0x07, 0x1D, 0xE2, 0x39, 0x88, 0x78, 0x4C, 0x32, 0x9C, 0x92, 0x10,
    0x87, 0x28, 0xA5, 0x19, 0xCA, 0x61, 0x84, 0x92, 0x96, 0xA0, 0x2C, 0xAA,
    0x49, 0xD0, 0xA9, 0x08, 0x03, 0x00, 0x4C, 0x48, 0x20, 0x08, 0x21, 0x98,
    0x21, 0xD5, 0x81, 0x52, 0xA3, 0x96, 0x22, 0x94, 0xA4, 0x10, 0xE5, 0x28,
    0x46, 0x29, 0x0A, 0x52, 0x48, 0xA2, 0x92, 0x91, 0xB0, 0x44, 0x20, 0x0E,
    0x11, 0x07, 0x3C, 0xC2, 0x21, 0x1B, 0xBA, 0xD8, 0x04, 0x43, 0x08, 0x0F,
    0x31, 0x61, 0x41, 0x8B, 0x58, 0xD0, 0x22, 0x16, 0xB4, 0x0C, 0x05, 0x29,
    0x44, 0x41, 0x4A, 0x49, 0x50, 0x72, 0x10, 0x84, 0xA4, 0x03, 0x1D, 0x8B,
    0x6A, 0x12, 0x74, 0x2A, 0xC2, 0x00, 0x4D, 0x24, 0x20, 0x05, 0x31, 0x78,
    0x05, 0x5E, 0xE8, 0x03, 0x27, 0x76, 0x91, 0x0F, 0x8C, 0xDC, 0xC4, 0x7A,
    0xE1, 0x03, 0x1F, 0x08, 0x84, 0x37, 0x12, 0x8C, 0xE4, 0x63, 0x17, 0x9C,
    0xE8, 0x83, 0x17, 0x7E, 0x40, 0x01, 0x4E, 0x24, 0x20, 0x05, 0x31, 0x98,
    0x06, 0x5F, 0xF0, 0x43, 0x27, 0x78, 0xB1, 0x8F, 0x8C, 0xE0, 0x64, 0x78,
    0xE2, 0x03, 0x1F, 0x08, 0x82, 0x67, 0x93, 0x8B, 0xE0, 0x23, 0x17, 0x9B,
    0xE0, 0x43, 0x17, 0x7C, 0xB0, 0x00, 0x4F, 0x1D, 0x16, 0x58, 0x21, 0xF8,
    0x20, 0x0E, 0xFD, 0xFF, 0xEF, 0x58, 0xA1, 0x12, 0x13, 0x89, 0xCC, 0x83,
    0x1A, 0xB5, 0xB0, 0xC4, 0x1D, 0xB0, 0x90, 0x03, 0x0D, 0x14, 0x00, 0x50,
    0x27, 0xA0, 0x05, 0x2B, 0x78, 0x05, 0x5E, 0xE8, 0x03, 0x27, 0x76, 0xA1,
    0x8D, 0x7C, 0x60, 0x6E, 0x74, 0xC2, 0x0B, 0x1F, 0xF8, 0x40, 0x10, 0x3E,
    0xE1, 0x8D, 0x8E, 0x20, 0xF9, 0xD0, 0xC6, 0x2E, 0x38, 0xD1, 0x07, 0x2F,
    0x50, 0x00, 0x51, 0x27, 0xA0, 0x05, 0x2B, 0x98, 0x0A, 0x7E, 0xE8, 0x04,
    0x2F, 0xB6, 0xA1, 0x8F, 0x8C, 0x90, 0x6E, 0x78, 0xE2, 0x0B, 0x1F, 0xF8,
    0x40, 0x10, 0x3C, 0xD1, 0x0D, 0x0E, 0x1F, 0xD9, 0xD0, 0xC5, 0x26, 0xF8,
    0xD0, 0x05, 0x1F, 0x2C, 0x00, 0x52, 0x1D, 0x16, 0x58, 0x21, 0x58, 0x05,
    0x74, 0x90, 0x05, 0x3C, 0x5C, 0xC2, 0x16, 0xD5, 0xA0, 0xC7, 0x44, 0x64,
    0x12, 0x55, 0xB0, 0x0E, 0xE2, 0xD0, 0xFF, 0xFF, 0x0E, 0x00, 0x53, 0x1D,
    0x14, 0x48, 0x21, 0x38, 0x05, 0x53, 0x88, 0xC4, 0x33, 0x1A, 0xB2, 0x14,
    0xA5, 0x24, 0xE6, 0x38, 0x05, 0x1A, 0x52, 0xA0, 0x10, 0x01, 0xC9, 0xFF,
    0xFF, 0x10, 0x00, 0x54, 0x59, 0xA0, 0x05, 0x2D, 0x98, 0x04, 0x36, 0x38,
    0x03, 0x1D, 0x0C, 0x21, 0x89, 0x52, 0xC8, 0x62, 0x14, 0xB4, 0x10, 0x84,
    0x25, 0x04, 0x51, 0x02, 0x15, 0x14, 0x22, 0x14, 0x64, 0x40, 0x03, 0x49,
    0x0A, 0x61, 0x88, 0x82, 0x10, 0x02, 0x11, 0x04, 0x21, 0x04, 0x22, 0x08,
    0x42, 0x08, 0x44, 0x10, 0x84, 0x10, 0x88, 0x20, 0x08, 0x29, 0x4C, 0x41,
    0x90, 0x42, 0x18, 0xA2, 0x10, 0x81, 0x20, 0x03, 0x1A, 0x08, 0x21, 0x88,
    0x12, 0xA8, 0xA0, 0x10, 0xA2, 0xA0, 0xC5, 0x20, 0x28, 0x41, 0x0A, 0x59,
    0x14, 0x42, 0x12, 0x47, 0xA0, 0x02, 0x01, 0x00, 0x55, 0x50, 0x1C, 0x08,
    0x21, 0x18, 0x12, 0x98, 0x0C, 0x12, 0x84, 0x80, 0x04, 0x21, 0x20, 0x41,
    0x08, 0x48, 0x10, 0x02, 0x12, 0x84, 0x84, 0x08, 0x42, 0x42, 0x04, 0x21,
    0x21, 0x82, 0x10, 0x04, 0x21, 0x24, 0x82, 0x10, 0x12, 0x41, 0x08, 0x89,
    0x20, 0x84, 0x44, 0x10, 0x42, 0x22, 0x08, 0x21, 0x11, 0x84, 0x90, 0x08,
    0x42, 0xC8, 0x10, 0x41, 0x48, 0x88, 0x20, 0x24, 0x44, 0x10, 0x12, 0x22,
    0x08, 0x09, 0x11, 0x84, 0x80, 0x04, 0x21, 0x20, 0x41, 0x08, 0x48, 0x10,
    0x02, 0x93, 0x43, 0x00, 0x56, 0x28, 0xD0, 0x87, 0x23, 0xB8, 0x18, 0x48,
    0x29, 0xCC, 0x70, 0x84, 0x13, 0x3E, 0xF0, 0x03, 0x43, 0x70, 0x84, 0x33,
    0x98, 0xA2, 0x20, 0xE3, 0x03, 0x3A, 0x30, 0x01, 0x42, 0x7F, 0x68, 0x10,
    0x03, 0x12, 0x88, 0x80, 0x02, 0x13, 0x10, 0x00, 0x57, 0x5E, 0x20, 0x08,
    0x21, 0x98, 0x21, 0xD5, 0x81, 0x52, 0xA3, 0x16, 0x62, 0x90, 0x64, 0x30,
    0xE3, 0x18, 0xCE, 0x28, 0x86, 0x43, 0x48, 0xE1, 0x92, 0x51, 0xB8, 0x22,
    0x14, 0x82, 0x70, 0xC5, 0x20, 0x04, 0xD1, 0x0A, 0x42, 0x84, 0x82, 0x15,
    0x25, 0x61, 0xC5, 0x41, 0x56, 0x81, 0x10, 0x55, 0x24, 0x24, 0x15, 0x0A,
    0x41, 0xC5, 0x42, 0x4E, 0xC1, 0x92, 0x52, 0xB0, 0x22, 0x10, 0xA4, 0x68,
    0x84, 0x20, 0x46, 0xE1, 0x08, 0x51, 0x84, 0xC2, 0x15, 0x23, 0x71, 0x05,
    0x41, 0x9C, 0x51, 0x0C, 0x67, 0x1C, 0x83, 0x19, 0x09, 0x31, 0xC8, 0xA2,
    0x9A, 0x04, 0x9D, 0x8A, 0x30, 0x00, 0x58, 0x46, 0x20, 0x07, 0x29, 0x18,
    0x10, 0x10, 0x21, 0x04, 0x44, 0x08, 0x01, 0x11, 0x42, 0x40, 0x84, 0x10,
    0x10, 0x21, 0x04, 0x44, 0x08, 0x01, 0x11, 0x42, 0x40, 0x84, 0x10, 0x04,
    0x45, 0x08, 0x82, 0x22, 0x04, 0x41, 0x11, 0x82, 0xA0, 0x08, 0x41, 0x50,
    0x84, 0x20, 0x28, 0x42, 0x10, 0x14, 0x21, 0x08, 0x8A, 0x10, 0x04, 0x45,
    0x08, 0x82, 0x22, 0x04, 0x41, 0x11, 0x82, 0xA0, 0x08, 0xC1, 0xC9, 0xF8,
    0x07, 0xFE, 0x00, 0x01, 0x59, 0x4A, 0x20, 0x08, 0x21, 0xF8, 0x09, 0x9D,
    0xD8, 0x46, 0x46, 0xAE, 0x62, 0x95, 0x5A, 0x88, 0x62, 0x16, 0xA4, 0x88,
    0x85, 0x29, 0x5E, 0x81, 0x8A, 0x56, 0xA8, 0x82, 0x15, 0xAA, 0x30, 0x1F,
    0xF8, 0x03, 0x04, 0xC1, 0x10, 0x1E, 0x2A, 0x84, 0x22, 0x0A, 0x44, 0x10,
    0x84, 0x10, 0x88, 0x20, 0x08, 0x21, 0x10, 0x41, 0x10, 0x42, 0x20, 0x82,
    0x20, 0x84, 0x40, 0x04, 0x41, 0x08, 0x81, 0x08, 0x82, 0x10, 0x02, 0x15,
    0x42, 0x11, 0x05, 0xC2, 0x47, 0x00, 0x5A, 0x24, 0x20, 0x06, 0x29, 0x18,
    0x70, 0x84, 0x8F, 0x10, 0x94, 0x20, 0x04, 0x25, 0x08, 0x41, 0x09, 0x42,
    0x50, 0x82, 0x10, 0x94, 0xFD, 0x51, 0x82, 0x10, 0x94, 0x20, 0x04, 0x25,
    0x08, 0x41, 0x09, 0xC2, 0x8F, 0x00, 0x5B, 0x12, 0x20, 0x06, 0x29, 0x18,
    0x70, 0x84, 0xFF, 0xC8, 0x07, 0xFE, 0x1F, 0x28, 0x08, 0xFF, 0x11, 0x00,
    0x5C, 0x46, 0x20, 0x08, 0x21, 0x98, 0x5C, 0x09, 0x43, 0x18, 0xBA, 0x1A,
    0x81, 0x08, 0x48, 0x20, 0x02, 0x12, 0x88, 0x80, 0x04, 0x22, 0x20, 0x81,
    0x08, 0x48, 0x20, 0x02, 0x12, 0x88, 0x78, 0x84, 0x22, 0x5A, 0xA1, 0x0A,
    0x46, 0x5A, 0x05, 0x2B, 0x14, 0xE1, 0x88, 0x54, 0xB8, 0x02, 0x11, 0x90,
    0x38, 0x05, 0x2C, 0x0C, 0x21, 0x89, 0xC2, 0x11, 0x6E, 0x78, 0xC2, 0x0B,
    0x1F, 0xF8, 0x07, 0x8A, 0xE0, 0x0D, 0xAE, 0x68, 0x03, 0x00, 0x5D, 0x2B,
    0x20, 0x08, 0x21, 0xB8, 0x19, 0x58, 0xA9, 0xCC, 0x74, 0xA4, 0x13, 0x21,
    0x08, 0xDF, 0x93, 0x9C, 0xAC, 0x51, 0x8C, 0x5A, 0x56, 0xC2, 0x8E, 0x56,
    0xB8, 0xE1, 0x09, 0x2F, 0x7C, 0xE0, 0x03, 0xC2, 0x07, 0x07, 0x11, 0x8C,
    0x64, 0x63, 0x13, 0x0E, 0x00, 0x5E, 0x4B, 0x14, 0x58, 0x21, 0xB8, 0x0C,
    0x91, 0x80, 0xC5, 0x3B, 0x1A, 0xC2, 0x14, 0x45, 0x04, 0x23, 0x11, 0xC2,
    0x20, 0x82, 0x20, 0x88, 0x11, 0x48, 0xE5, 0x29, 0x46, 0x40, 0x88, 0x31,
    0x0E, 0x61, 0x18, 0x23, 0x18, 0x48, 0x59, 0x08, 0x43, 0x96, 0x92, 0x8C,
    0x60, 0x98, 0x43, 0x18, 0x04, 0x21, 0x46, 0x48, 0x8A, 0x12, 0x88, 0x62,
    0x04, 0x41, 0x10, 0xC4, 0x30, 0x84, 0x30, 0x10, 0x11, 0x8C, 0xA4, 0x28,
    0x84, 0x1D, 0xAD, 0x78, 0x04, 0x1C, 0x18, 0x00, 0x5F, 0x44, 0x20, 0x08,
    0x21, 0x18, 0x5C, 0x29, 0x3B, 0x9A, 0xD9, 0x8E, 0x62, 0x12, 0x94, 0x9C,
    0x04, 0xA1, 0x7F, 0x27, 0x41, 0x88, 0x49, 0xD2, 0x2D, 0x65, 0x47, 0x33,
    0x08, 0x52, 0x0C, 0xA2, 0x92, 0x82, 0x2C, 0xA4, 0x20, 0x2B, 0x21, 0x08,
    0x43, 0x08, 0xC2, 0x10, 0x82, 0x30, 0x84, 0x20, 0x0C, 0x21, 0xC8, 0x4A,
    0x08, 0xB2, 0x10, 0x92, 0xA8, 0x64, 0x28, 0x48, 0x11, 0x9E, 0xE8, 0xC6,
    0x56, 0xB2, 0x03, 0x00, 0x60, 0x2A, 0x94, 0x47, 0x23, 0x78, 0x05, 0x33,
    0x90, 0x42, 0x1C, 0x41, 0xD2, 0x2B, 0x9C, 0xA9, 0x1D, 0xED, 0x21, 0xAF,
    0xF2, 0x90, 0xA7, 0x3C, 0xE4, 0xD5, 0x8E, 0x66, 0x38, 0xC3, 0x15, 0x8F,
    0x80, 0x04, 0x1C, 0xE2, 0x10, 0x05, 0x19, 0xCC, 0x60, 0x01, 0x61, 0x22,
    0x1C, 0x08, 0x21, 0x58, 0x38, 0x68, 0x10, 0x0F, 0xA2, 0x7F, 0x43, 0x18,
    0x94, 0x20, 0x04, 0x15, 0x8C, 0xF0, 0x81, 0xFF, 0x1F, 0x20, 0x2E, 0x81,
    0x09, 0x5C, 0xE0, 0x2D, 0x6C, 0x42, 0x23, 0x18, 0x62, 0x14, 0xD0, 0x87,
    0x23, 0x18, 0xFC, 0xFF, 0x03, 0x93, 0x68, 0xC8, 0x62, 0x12, 0x74, 0xA8,
    0x82, 0x0D, 0x2E, 0x00, 0x63, 0x14, 0x20, 0x08, 0x21, 0x18, 0xFC, 0x03,
    0xC4, 0x07, 0x47, 0x18, 0x84, 0x87, 0x3E, 0xF0, 0xFF, 0xFF, 0x0F, 0x04,
    0x64, 0x24, 0x20, 0x08, 0x21, 0x58, 0x31, 0xD3, 0x89, 0x10, 0x84, 0x20,
    0x81, 0x08, 0x48, 0x20, 0x02, 0x12, 0x88, 0x80, 0x04, 0x22, 0xD0, 0x07,
    0xFE, 0x7F, 0x60, 0x09, 0xDE, 0x07, 0x57, 0x3E, 0xF0, 0x7F, 0x00, 0x01,
    0x65, 0x29, 0x18, 0x48, 0x21, 0x38, 0x19, 0x50, 0x69, 0xCC, 0x72, 0x54,
    0x41, 0x0A, 0x45, 0x98, 0x02, 0x91, 0x47, 0xC9, 0x55, 0x82, 0x92, 0x1E,
    0x84, 0xE0, 0x1A, 0x31, 0x09, 0x4A, 0xCC, 0x62, 0x92, 0x66, 0x21, 0x8B,
    0xF9, 0x81, 0x1F, 0x18, 0x00, 0x66, 0x24, 0x20, 0x08, 0x21, 0x38, 0x78,
    0xE1, 0x03, 0x3F, 0x80, 0x08, 0xC3, 0x25, 0x84, 0x80, 0x08, 0x21, 0x60,
    0x22, 0x0C, 0xF7, 0x81, 0x3F, 0xD0, 0x60, 0xF4, 0xFF, 0xC3, 0x1F, 0xF8,
    0x81, 0x23, 0x78, 0x01, 0x00, 0x67, 0x2C, 0x20, 0x08, 0x21, 0xB8, 0x07,
    0x7E, 0xD8, 0x46, 0x36, 0x61, 0xE4, 0x22, 0x36, 0x55, 0x17, 0xBA, 0xAA,
    0xCB, 0x45, 0xB2, 0xB1, 0x09, 0x59, 0x98, 0x21, 0x1E, 0x45, 0x88, 0xC9,
    0x55, 0xEA, 0x7A, 0x55, 0xA9, 0x0B, 0x5D, 0xAA, 0x8A, 0x2E, 0xD7, 0xC0,
    0x00, 0x68, 0x4A, 0xDC, 0x07, 0x23, 0x98, 0x11, 0x16, 0x99, 0x8A, 0x54,
    0x22, 0x03, 0xD9, 0x92, 0x50, 0x98, 0x22, 0x84, 0x82, 0x28, 0x84, 0x11,
    0x8A, 0x38, 0x82, 0x46, 0x2C, 0x24, 0xAD, 0x48, 0x49, 0x86, 0x11, 0x4C,
    0x60, 0x08, 0x46, 0x98, 0xB0, 0x90, 0xA5, 0x20, 0x04, 0x41, 0x08, 0x41,
    0x10, 0x42, 0x90, 0x93, 0x10, 0x65, 0x2C, 0x64, 0x09, 0x0C, 0xC1, 0xC8,
    0x33, 0x0C, 0x62, 0x8C, 0xE1, 0x14, 0xA4, 0x78, 0x83, 0x19, 0x62, 0x80,
    0x82, 0x04, 0x00, 0x69, 0x3C, 0x1C, 0x07, 0x29, 0x18, 0x93, 0x66, 0x40,
    0x88, 0x38, 0x10, 0xE2, 0x15, 0x84, 0x68, 0x07, 0x21, 0x56, 0x42, 0x88,
    0xB4, 0x10, 0xFC, 0x47, 0x08, 0x02, 0x11, 0xA2, 0x10, 0x22, 0x21, 0x44,
    0x21, 0xC8, 0x41, 0x88, 0x52, 0x22, 0x84, 0x21, 0xCE, 0x40, 0x08, 0x43,
    0xA4, 0x80, 0x10, 0xA6, 0x68, 0xC4, 0x21, 0x1A, 0x71, 0x0A, 0x4C, 0xCA,
    0x42, 0x04, 0x00, 0x6A, 0x2B, 0x1C, 0x08, 0x21, 0x18, 0xFC, 0x81, 0x8B,
    0xA2, 0x1F, 0xFD, 0xC0, 0x0F, 0x6C, 0x84, 0x44, 0x10, 0x42, 0x22, 0x08,
    0x21, 0x11, 0x84, 0x90, 0x08, 0x3E, 0x82, 0x10, 0x12, 0x41, 0x08, 0x89,
    0x20, 0x84, 0x44, 0x10, 0x42, 0x22, 0x1F, 0xF8, 0x81, 0x0B, 0x6B, 0x2A,
    0x1C, 0x08, 0x21, 0x18, 0xFC, 0x1F, 0x38, 0x3E, 0xD8, 0xFC, 0xC0, 0x0F,
    0x5C, 0x84, 0x44, 0x10, 0x42, 0x22, 0x08, 0x21, 0x11, 0x84, 0x90, 0xC8,
    0x07, 0x7E, 0x60, 0x23, 0x04, 0x81, 0x08, 0x41, 0x20, 0x42, 0x10, 0x88,
    0x10, 0xE4, 0x03, 0x7F, 0x6C, 0x41, 0x20, 0x08, 0x21, 0x18, 0x22, 0x57,
    0xB1, 0x4A, 0x65, 0x28, 0x33, 0x1D, 0xE9, 0x44, 0xE8, 0x74, 0xC2, 0x0B,
    0x1F, 0xF8, 0x80, 0x21, 0x14, 0xD3, 0x90, 0x43, 0x2D, 0xC4, 0x60, 0x8B,
    0x30, 0x9C, 0x54, 0x88, 0x12, 0x15, 0xA3, 0x40, 0x04, 0x21, 0x10, 0x41,
    0x08, 0x44, 0x10, 0x02, 0x11, 0x84, 0x40, 0xC5, 0x28, 0x51, 0x21, 0x8A,
    0xE4, 0x26, 0x56, 0x29, 0xCC, 0x7C, 0xE0, 0x0F, 0x34, 0x6D, 0x1C, 0xDE,
    0x13, 0x33, 0x18, 0x78, 0x81, 0x1B, 0x5A, 0xC1, 0x8E, 0x95, 0xA8, 0x25,
    0x35, 0xE8, 0x39, 0x91, 0x99, 0x4A, 0x45, 0xAE, 0x91, 0x89, 0x2D, 0x38,
    0x00, 0x6E, 0x2E, 0x8F, 0x97, 0x23, 0xD8, 0x05, 0x4D, 0x60, 0xC3, 0x22,
    0x54, 0x91, 0x0C, 0x74, 0x1C, 0xC4, 0x24, 0x45, 0x21, 0xCB, 0x60, 0x44,
    0x13, 0x3E, 0xD0, 0x04, 0x47, 0x34, 0x83, 0x21, 0x4B, 0x51, 0x4C, 0x72,
    0x10, 0x74, 0x24, 0x43, 0x15, 0x8B, 0x60, 0x43, 0x13, 0x5C, 0x00, 0x6F,
    0x2F, 0x8F, 0x87, 0x23, 0x18, 0x04, 0x4E, 0x68, 0x03, 0x23, 0x56, 0xA1,
    0x8C, 0x74, 0x20, 0xE4, 0x24, 0x46, 0x29, 0x0B, 0x61, 0x46, 0x23, 0x9C,
    0xF0, 0x81, 0x26, 0x34, 0x82, 0x19, 0x0B, 0x51, 0x4A, 0x62, 0x90, 0x73,
    0x20, 0x23, 0x15, 0x8A, 0x58, 0x03, 0x13, 0x5A, 0xE0, 0x00, 0x70, 0x1B,
    0xDE, 0x13, 0x31, 0xD8, 0x09, 0x9B, 0xC8, 0xC6, 0x45, 0xAA, 0x32, 0x99,
    0xE8, 0x3C, 0xA8, 0x49, 0x8B, 0x4A, 0xD6, 0xC1, 0x8A, 0x36, 0xB8, 0xE0,
    0x01, 0x71, 0x25, 0x20, 0x06, 0x29, 0x18, 0x2C, 0x95, 0xA1, 0x0C, 0x6D,
    0x36, 0x96, 0x2C, 0x65, 0x5B, 0x14, 0xA3, 0xB1, 0xC9, 0xC9, 0x3D, 0xE8,
    0x83, 0xAB, 0x82, 0x12, 0x22, 0x81, 0x08, 0x48, 0x20, 0x22, 0x0A, 0x4A,
    0x28, 0x00, 0x72, 0x1A, 0xE0, 0x06, 0x2B, 0x18, 0x50, 0x8C, 0x8E, 0x21,
    0x18, 0x1D, 0xE1, 0x3F, 0x72, 0x25, 0x4B, 0x55, 0x8B, 0x62, 0xF4, 0xF5,
    0xC1, 0x0B, 0x3F, 0x00, 0x73, 0x32, 0x5F, 0x06, 0x27, 0x38, 0x07, 0x7D,
    0xD8, 0x45, 0x3E, 0x6E, 0x52, 0x97, 0xC9, 0x48, 0xC6, 0x04, 0x8B, 0x31,
    0x43, 0x62, 0x4C, 0x71, 0x18, 0x73, 0x14, 0xC6, 0x24, 0x83, 0x31, 0x4B,
    0x60, 0x90, 0xA5, 0x28, 0x26, 0x39, 0x08, 0x3A, 0x92, 0xA1, 0x8A, 0x45,
    0xB0, 0xA1, 0x09, 0x2E, 0x48, 0x00, 0x74, 0x2E, 0x1E, 0x15, 0x2F, 0x98,
    0x08, 0x52, 0x38, 0x04, 0x24, 0x8A, 0xE1, 0x8C, 0x81, 0x30, 0x24, 0x28,
    0xAA, 0x42, 0x4B, 0x58, 0xCC, 0x32, 0x16, 0xB2, 0x94, 0x45, 0x2C, 0xC7,
    0x4A, 0xD4, 0x92, 0x1A, 0xF4, 0x9C, 0xC8, 0x4C, 0xA5, 0x22, 0xD7, 0xC8,
    0xC4, 0x16, 0x1C, 0x00, 0x75, 0x1D, 0x94, 0x57, 0x23, 0xD8, 0x09, 0x91,
    0x78, 0x46, 0x43, 0x96, 0x92, 0x16, 0xB4, 0xFE, 0xA5, 0x45, 0xAD, 0x7F,
    0x4A, 0x59, 0x48, 0x33, 0x1E, 0x11, 0x05, 0x02, 0x00, 0x76, 0x1B, 0x94,
    0x57, 0x23, 0x98, 0x08, 0x91, 0x78, 0x46, 0x43, 0x96, 0xA2, 0xD6, 0x7F,
    0x69, 0x41, 0xEB, 0x5F, 0x52, 0x16, 0xD2, 0x8C, 0x47, 0x44, 0xC1, 0x01,
    0x77, 0x2E, 0x1E, 0x15, 0x2F, 0xD8, 0x09, 0x9B, 0xC8, 0xC6, 0x45, 0xAA,
    0x32, 0x99, 0xE8, 0x3C, 0xA8, 0x49, 0x8B, 0x4A, 0xD6, 0x59, 0xC4, 0x52,
    0x16, 0xB2, 0x8C, 0xC5, 0x2C, 0x61, 0x41, 0x95, 0x52, 0x02, 0xC2, 0x90,
    0x61, 0x38, 0xA3, 0x10, 0x90, 0x38, 0x82, 0x14, 0x08, 0x00, 0x78, 0x41,
    0x20, 0x08, 0x21, 0x98, 0x21, 0xD5, 0x81, 0x52, 0xA3, 0x96, 0x95, 0xB0,
    0xA3, 0x15, 0x8E, 0x54, 0xA2, 0x18, 0x15, 0x29, 0x04, 0x55, 0x0A, 0x31,
    0x15, 0x23, 0x4C, 0x45, 0x2B, 0x92, 0x30, 0x8A, 0x44, 0x88, 0x32, 0x15,
    0xA1, 0x54, 0xEA, 0x42, 0x99, 0x79, 0xC2, 0x42, 0x1E, 0xC1, 0x08, 0x48,
    0x78, 0x83, 0x23, 0x5C, 0xD1, 0x0E, 0x96, 0xAC, 0x45, 0x35, 0x09, 0x3A,
    0x15, 0x61, 0x00, 0x79, 0x4E, 0x20, 0x08, 0x21, 0x98, 0x21, 0xD5, 0x81,
    0x52, 0xA3, 0x96, 0x95, 0xB0, 0xA3, 0x15, 0x8E, 0x1C, 0x42, 0x11, 0xC7,
    0x38, 0x08, 0x42, 0x0E, 0x71, 0x14, 0xA3, 0x1C, 0x02, 0x29, 0x44, 0x41,
    0x82, 0x52, 0x84, 0x52, 0xA9, 0x0B, 0x65, 0x46, 0x33, 0x19, 0xBA, 0x54,
    0x55, 0x84, 0xA2, 0x04, 0xA4, 0x10, 0x05, 0x11, 0x47, 0x31, 0xCA, 0x21,
    0x0E, 0x82, 0x90, 0x63, 0x1C, 0x42, 0x11, 0x07, 0xE1, 0x8A, 0x76, 0xB0,
    0x64, 0x2D, 0xAA, 0x49, 0xD0, 0xA9, 0x08, 0x03, 0x00, 0x7A, 0x1E, 0x1C,
    0x08, 0x21, 0xB8, 0x09, 0x99, 0xC0, 0x24, 0x46, 0x10, 0x86, 0x20, 0x84,
    0x21, 0x08, 0x61, 0x08, 0x42, 0x18, 0x82, 0x50, 0x34, 0xFA, 0x81, 0xFF,
    0xFF, 0x0F, 0x18, 0x7B, 0x59, 0x20, 0x08, 0x21, 0x98, 0x21, 0xD5, 0x81,
    0x52, 0xA3, 0x16, 0x62, 0x90, 0x64, 0x30, 0xE3, 0x18, 0xCE, 0x28, 0x06,
    0x34, 0x48, 0x71, 0x88, 0x53, 0x8C, 0x02, 0x11, 0xA8, 0x10, 0x44, 0x22,
    0x09, 0x22, 0x91, 0x42, 0x91, 0x88, 0x94, 0x28, 0x42, 0x21, 0x8A, 0x50,
    0x88, 0x22, 0x14, 0xA2, 0x8A, 0x84, 0xAC, 0x02, 0x21, 0x8C, 0x40, 0x09,
    0x13, 0x50, 0x11, 0x08, 0x4B, 0x08, 0xC2, 0x12, 0xA2, 0xA0, 0xC5, 0x28,
    0x64, 0x41, 0x0C, 0x68, 0x14, 0xC3, 0x19, 0xC7, 0x60, 0x46, 0x42, 0x0C,
    0xB2, 0xA8, 0x26, 0x41, 0xA7, 0x22, 0x0C, 0x00, 0x7C, 0x27, 0x20, 0x06,
    0x29, 0xF8, 0x19, 0x58, 0xA1, 0x4E, 0x84, 0x5E, 0xF4, 0xA4, 0x36, 0x35,
    0x2A, 0x5D, 0x27, 0x33, 0x5A, 0xD9, 0x0A, 0x37, 0x3C, 0xF1, 0x85, 0x1F,
    0xF8, 0x81, 0x21, 0x7C, 0xC1, 0x1B, 0x1D, 0xD9, 0xCE, 0x45, 0x00, 0x7D,
    0x3D, 0xE0, 0x07, 0x23, 0xF8, 0x19, 0x58, 0xA1, 0x4E, 0x84, 0x5E, 0xF4,
    0xA4, 0x36, 0x35, 0x2A, 0x5D, 0x27, 0x33, 0x5A, 0xD9, 0xCA, 0x43, 0x92,
    0xE1, 0x20, 0x44, 0x34, 0x0A, 0x09, 0x8D, 0x42, 0x02, 0x53, 0x84, 0x42,
    0x11, 0x82, 0x50, 0x84, 0x20, 0x48, 0x58, 0x08, 0x41, 0x10, 0x48, 0x70,
    0xB2, 0xEB, 0x4C, 0xA6, 0x2A, 0x17, 0xC9, 0xC6, 0x26, 0xBA, 0xD0, 0x00,
    0x7E, 0x3C, 0x20, 0x08, 0x21, 0xF8, 0x19, 0x58, 0xA1, 0x4E, 0x84, 0x5E,
    0xF4, 0xA4, 0x36, 0x35, 0x2A, 0x5D, 0x27, 0x33, 0x5A, 0xD9, 0x0A, 0x24,
    0x94, 0x01, 0x11, 0x45, 0x3C, 0x46, 0x09, 0x0E, 0x4A, 0x42, 0xA3, 0x2A,
    0x36, 0xB9, 0x23, 0x24, 0x47, 0x38, 0x06, 0x24, 0xB6, 0x91, 0x91, 0xAB,
    0x54, 0x66, 0x3A, 0x11, 0x7A, 0x52, 0x25, 0x38, 0xA9, 0x0B, 0x0D, 0x00,
    0x7F, 0x3B, 0x20, 0x08, 0x21, 0xF8, 0x18, 0x58, 0xA1, 0x4E, 0x84, 0x20,
    0x33, 0x97, 0x9A, 0xD8, 0xE4, 0x22, 0xC7, 0x58, 0x87, 0x51, 0x92, 0x51,
    0x9C, 0x53, 0x14, 0xC8, 0x14, 0x24, 0x3A, 0xC1, 0x91, 0xDA, 0xD4, 0xA8,
    0x74, 0x9D, 0xCC, 0x68, 0x65, 0x2B, 0xDC, 0xF0, 0xC4, 0x17, 0x7E, 0xE0,
    0x07, 0x86, 0xF0, 0x05, 0x6F, 0x74, 0x64, 0x3B, 0x17, 0x01, 0x00, 0x80,
    0x52, 0x20, 0x06, 0x29, 0x98, 0x12, 0x9B, 0xE0, 0xC4, 0x26, 0x1C, 0xA1,
    0x08, 0x41, 0x1C, 0x42, 0x11, 0x84, 0x30, 0x84, 0x22, 0x08, 0x51, 0x08,
    0x45, 0x18, 0x82, 0x10, 0x8A, 0x30, 0xC4, 0x20, 0x14, 0x81, 0x08, 0x41,
    0x28, 0x02, 0x11, 0x81, 0x50, 0x84, 0x42, 0x14, 0x29, 0x10, 0x88, 0x50,
    0x84, 0x20, 0x10, 0xA1, 0x88, 0x41, 0x18, 0x42, 0x11, 0x84, 0x30, 0x84,
    0x22, 0x0A, 0x41, 0x08, 0x45, 0x18, 0x82, 0x10, 0x8A, 0x38, 0x84, 0x20,
    0x14, 0xE1, 0x88, 0x4D, 0x70, 0x62, 0x13, 0x14, 0x00, 0x81, 0x47, 0x20,
    0x08, 0x21, 0xD8, 0x11, 0xDB, 0xD0, 0xC6, 0x0C, 0x8C, 0x61, 0x82, 0x45,
    0x0C, 0x64, 0x10, 0x09, 0x3B, 0xDA, 0xC1, 0x10, 0x96, 0x2C, 0x95, 0x90,
    0x44, 0x1D, 0xE8, 0x48, 0x87, 0x3A, 0x8A, 0xA2, 0x94, 0xA0, 0x30, 0x3A,
    0xA6, 0x04, 0x45, 0x29, 0x04, 0x51, 0x08, 0x3A, 0xA9, 0x84, 0x24, 0xCA,
    0x4A, 0x18, 0xC2, 0x8E, 0x76, 0xB0, 0x44, 0x0C, 0x64, 0x10, 0x2B, 0x30,
    0x86, 0x09, 0xA6, 0xA1, 0x8D, 0x4D, 0x38, 0x00, 0x82, 0x1C, 0x20, 0x08,
    0x21, 0x18, 0xFC, 0x3F, 0x80, 0x7C, 0x70, 0xCD, 0x99, 0x4C, 0x55, 0x2E,
    0x92, 0x8D, 0x4D, 0x74, 0xE1, 0x83, 0x7F, 0xF8, 0x03, 0x7F, 0x80, 0x00,
    0x83, 0x34, 0x20, 0x08, 0x21, 0x18, 0x10, 0x94, 0xFD, 0x7B, 0x01, 0x61,
    0x9C, 0x40, 0x98, 0x36, 0x10, 0x86, 0x11, 0x84, 0x59, 0x05, 0x61, 0x94,
    0x41, 0x98, 0x74, 0x10, 0x26, 0x1D, 0x84, 0x51, 0x06, 0x61, 0x56, 0x41,
    0x18, 0x46, 0x10, 0xA6, 0x0D, 0x84, 0x71, 0x02, 0x61, 0x5E, 0x40, 0x18,
    0xCA, 0xFE, 0x28, 0x02, 0x84, 0x34, 0x20, 0x08, 0x21, 0x18, 0x20, 0x94,
    0xFD, 0x23, 0xC1, 0x63, 0x88, 0xE0, 0x18, 0x32, 0x34, 0x86, 0x10, 0x8C,
    0x21, 0xC5, 0x62, 0x88, 0xA1, 0x18, 0x72, 0x24, 0x86, 0x1C, 0x89, 0x21,
    0x86, 0x62, 0x48, 0xB1, 0x18, 0x42, 0x30, 0x86, 0x0C, 0x8D, 0x21, 0x82,
    0x63, 0x48, 0xF0, 0x18, 0xCA, 0xFE, 0x28, 0x01, 0x85, 0x1C, 0x20, 0x08,
    0x21, 0x18, 0xFC, 0x03, 0xC4, 0x07, 0xFF, 0xB0, 0xD0, 0x89, 0x6D, 0x64,
    0xE4, 0x2A, 0x95, 0x99, 0xCE, 0x07, 0xD7, 0x3E, 0xF0, 0x7F, 0x00, 0x01,
    0x86, 0x52, 0x1C, 0x07, 0x29, 0x98, 0x10, 0x8C, 0x30, 0x08, 0x42, 0x86,
    0x62, 0x14, 0xA1, 0x18, 0x25, 0x14, 0xA2, 0x20, 0x85, 0x48, 0x08, 0x89,
    0x20, 0x84, 0x44, 0x92, 0x41, 0x10, 0x62, 0x14, 0x41, 0x13, 0xDA, 0xC0,
    0x0C, 0xC5, 0x08, 0x42, 0x40, 0x82, 0x10, 0x90, 0x20, 0x04, 0x24, 0x08,
    0xC1, 0x28, 0x83, 0x0D, 0x4D, 0x68, 0xA1, 0x18, 0x04, 0x21, 0x46, 0x42,
    0x48, 0x04, 0x21, 0x24, 0x92, 0x88, 0x82, 0x14, 0xA2, 0x08, 0x8A, 0x51,
    0x84, 0x62, 0x94, 0x81, 0x20, 0xC4, 0x10, 0x8C, 0x20, 0x00, 0x87, 0x15,
    0xE0, 0x07, 0x23, 0x18, 0xFC, 0xFF, 0xFF, 0x3F, 0x80, 0xE5, 0x43, 0x1B,
    0xBB, 0xE0, 0x44, 0x1F, 0xBC, 0xF0, 0x03, 0x88, 0x66, 0x20, 0x08, 0x21,
    0x98, 0x21, 0xD5, 0x81, 0x52, 0xA3, 0x16, 0x62, 0x90, 0x64, 0x30, 0xE3,
    0x18, 0xCE, 0x28, 0x06, 0x34, 0x48, 0x01, 0x83, 0x50, 0x8C, 0xC2, 0x0D,
    0xA3, 0x10, 0x04, 0x33, 0x08, 0x21, 0x88, 0x94, 0x10, 0x22, 0x14, 0x47,
    0x29, 0x09, 0x52, 0x0C, 0x72, 0x08, 0x51, 0x18, 0xE4, 0x0C, 0x64, 0x38,
    0xC8, 0x19, 0xC8, 0x70, 0x10, 0x53, 0x08, 0xE2, 0x20, 0x46, 0x41, 0x49,
    0x51, 0x4E, 0x11, 0x08, 0x92, 0x24, 0x42, 0x10, 0xC4, 0x60, 0x84, 0x28,
    0xC6, 0xE0, 0x8A, 0x51, 0x84, 0x00, 0x16, 0xC4, 0x80, 0x46, 0x31, 0x9C,
    0x71, 0x0C, 0x66, 0x24, 0xC4, 0x20, 0x8B, 0x6A, 0x12, 0x74, 0x2A, 0xC2,
    0x00, 0x89, 0x45, 0x20, 0x08, 0x21, 0x98, 0x21, 0xD5, 0x81, 0x52, 0xA3,
    0xD6, 0x32, 0x90, 0xC4, 0x18, 0xE3, 0x34, 0xC7, 0x28, 0x0E, 0x32, 0x88,
    0x93, 0x8A, 0xF1, 0xA8, 0x42, 0x3C, 0x8B, 0x10, 0xCF, 0x22, 0x02, 0xB4,
    0x2A, 0x46, 0xBF, 0x55, 0x84, 0x67, 0x11, 0xE2, 0x59, 0x84, 0x78, 0x54,
    0x31, 0x9C, 0x54, 0x10, 0x07, 0x19, 0xA5, 0x39, 0xC6, 0x61, 0x8C, 0x91,
    0x96, 0x81, 0x2C, 0xAA, 0x49, 0xD0, 0xA9, 0x08, 0x03, 0x00, 0x8A, 0x1F,
    0x20, 0x08, 0x21, 0x18, 0xFC, 0x03, 0xC4, 0x07, 0x47, 0x28, 0x46, 0xF7,
    0xC1, 0x1F, 0xFD, 0xC0, 0x1F, 0x20, 0x3E, 0x38, 0x82, 0x15, 0x21, 0x60,
    0x84, 0x57, 0x84, 0x00, 0x00, 0x8B, 0x1E, 0x20, 0x06, 0x29, 0x18, 0xFC,
    0x03, 0xC4, 0x07, 0x47, 0x3E, 0xF0, 0x7F, 0x80, 0x21, 0x04, 0xA1, 0x08,
    0x41, 0x28, 0x42, 0x10, 0x8A, 0x10, 0xE4, 0x03, 0x7F, 0x80, 0x02, 0x8C,
    0x57, 0x20, 0x08, 0x21, 0x98, 0x10, 0x9C, 0xA8, 0x42, 0x21, 0xE8, 0x50,
    0x88, 0x39, 0x88, 0x6E, 0x70, 0x84, 0x87, 0x08, 0x67, 0x20, 0xA2, 0x1D,
    0x88, 0x60, 0x43, 0x20, 0x10, 0xB1, 0x06, 0x41, 0x20, 0x42, 0x0D, 0x83,
    0x40, 0x44, 0x1A, 0x08, 0x81, 0x08, 0x34, 0x14, 0x02, 0x11, 0x67, 0x30,
    0x04, 0x22, 0xCC, 0x70, 0x08, 0x44, 0x94, 0x01, 0x91, 0xC8, 0x90, 0x08,
    0x44, 0x8C, 0x41, 0x11, 0x88, 0x10, 0xC3, 0x22, 0x10, 0x11, 0x06, 0x46,
    0xA0, 0xA3, 0x11, 0xC8, 0x70, 0x04, 0xE2, 0x08, 0x1F, 0x26, 0x38, 0x19,
    0x01, 0x00, 0x8D, 0x65, 0x20, 0x08, 0x21, 0x98, 0x21, 0xD5, 0x81, 0x52,
    0xA3, 0x16, 0x62, 0x90, 0x64, 0x30, 0xE3, 0x18, 0xCE, 0x28, 0x06, 0x34,
    0x48, 0x81, 0x04, 0x54, 0x8C, 0x02, 0x11, 0xA8, 0x10, 0x44, 0x22, 0x09,
    0x42, 0x09, 0x8A, 0x08, 0x05, 0x11, 0x94, 0x40, 0x12, 0x42, 0x20, 0x82,
    0x20, 0xA4, 0x38, 0x04, 0x41, 0x4A, 0x71, 0x84, 0x82, 0x18, 0x44, 0x21,
    0x07, 0x49, 0x08, 0x42, 0x50, 0x72, 0x90, 0x53, 0x04, 0xE2, 0x20, 0x87,
    0x10, 0xC4, 0x41, 0x0E, 0x21, 0x8A, 0x63, 0x9C, 0x62, 0x14, 0x87, 0x38,
    0x05, 0x31, 0xA0, 0x51, 0x0C, 0x67, 0x1C, 0x83, 0x19, 0x09, 0x31, 0xC8,
    0xA2, 0x9A, 0x04, 0x9D, 0x8A, 0x30, 0x00, 0x8E, 0x1F, 0x20, 0x08, 0x21,
    0x98, 0x21, 0x18, 0xFD, 0x2F, 0x5A, 0x8B, 0x6A, 0xD2, 0x83, 0xA2, 0x33,
    0x99, 0xAA, 0x5C, 0x24, 0x1B, 0x9B, 0xE8, 0xC2, 0x07, 0x8F, 0x7E, 0xE0,
    0x0F, 0x10, 0x8F, 0x20, 0x20, 0x08, 0x21, 0x18, 0xFC, 0x03, 0xC4, 0x07,
    0x8F, 0x0A, 0x9D, 0xD8, 0x46, 0x46, 0xAE, 0x52, 0x99, 0xE9, 0x44, 0xE8,
    0x49, 0x8D, 0x5A, 0x56, 0x44, 0x30, 0xFA, 0x1F, 0x03, 0x00, 0x90, 0x43,
    0x20, 0x06, 0x29, 0x18, 0x61, 0x27, 0x33, 0xBA, 0x82, 0x08, 0x45, 0x14,
    0x04, 0x45, 0x08, 0x82, 0x14, 0xA3, 0x10, 0x43, 0x29, 0x44, 0x29, 0x04,
    0x53, 0x84, 0x62, 0x88, 0x46, 0x1D, 0xE1, 0x41, 0x99, 0xD1, 0x4C, 0x12,
    0x1E, 0x84, 0x88, 0x46, 0x1D, 0x82, 0x29, 0x42, 0x31, 0x86, 0x52, 0x88,
    0x52, 0x10, 0xA4, 0x18, 0x85, 0x20, 0x28, 0x42, 0x14, 0x44, 0x28, 0xA2,
    0x30, 0xBA, 0x93, 0x21, 0x0C, 0x91, 0x40, 0x20, 0x06, 0x29, 0x98, 0x21,
    0xD5, 0x81, 0x52, 0xA3, 0x16, 0x62, 0x90, 0x64, 0x30, 0xE3, 0x18, 0xCE,
    0x28, 0x06, 0x34, 0x48, 0x21, 0x8B, 0x51, 0x94, 0x81, 0x0C, 0xA5, 0x10,
    0x44, 0x29, 0x44, 0x51, 0x08, 0x41, 0x10, 0x87, 0x10, 0xA1, 0x20, 0x0E,
    0x49, 0x08, 0x44, 0x10, 0x02, 0x11, 0x84, 0x40, 0x84, 0x40, 0x10, 0x84,
    0x45, 0x47, 0x3A, 0x93, 0xA9, 0x0A, 0x36, 0x1A, 0x00, 0x92, 0x3A, 0x1C,
    0x08, 0x21, 0x18, 0x30, 0x90, 0x21, 0xC1, 0x62, 0x88, 0xA0, 0x18, 0x32,
    0x24, 0x86, 0x10, 0x88, 0x21, 0xC5, 0x61, 0x88, 0x61, 0x18, 0x72, 0x14,
    0x82, 0x10, 0x04, 0x21, 0x24, 0x92, 0x0C, 0x82, 0x10, 0x44, 0x11, 0x04,
    0x21, 0xC8, 0x12, 0x18, 0xC8, 0x06, 0x09, 0x82, 0x47, 0x3E, 0xF0, 0x07,
    0x18, 0xC8, 0x06, 0x3F, 0xF0, 0x03, 0x1B, 0x93, 0x27, 0x14, 0x48, 0x21,
    0x18, 0x11, 0x90, 0x6C, 0x3D, 0x43, 0x12, 0x1F, 0x60, 0x18, 0x1A, 0x4B,
    0xE0, 0xD1, 0x16, 0xE5, 0x20, 0x47, 0x2D, 0xED, 0x80, 0x09, 0x43, 0x63,
    0x1F, 0x60, 0x84, 0x34, 0x9E, 0x45, 0x40, 0x32, 0x04, 0x00, 0x94, 0x2A,
    0xE0, 0x05, 0x2B, 0x18, 0x30, 0x08, 0xFF, 0x0F, 0x5D, 0x69, 0x09, 0x8A,
    0x52, 0x44, 0xB2, 0x92, 0x81, 0x30, 0x84, 0x1C, 0xED, 0x28, 0x86, 0x33,
    0x4C, 0xF1, 0x8A, 0x43, 0x40, 0x02, 0x0D, 0x71, 0x48, 0x82, 0x14, 0x54,
    0x30, 0x83, 0x05, 0x00, 0x95, 0x28, 0xE0, 0x05, 0x29, 0x78, 0x05, 0x33,
    0x50, 0x82, 0x14, 0xD2, 0x10, 0x07, 0x44, 0x40, 0xE2, 0x14, 0xAF, 0x30,
    0x86, 0x33, 0xCA, 0xD1, 0x0E, 0x82, 0x30, 0x64, 0x24, 0x2B, 0x11, 0x8A,
    0x52, 0xC2, 0x92, 0x2E, 0x84, 0xFF, 0x87, 0x18, 0x96, 0x2C, 0x20, 0x06,
    0x29, 0x38, 0x0D, 0x71, 0x30, 0x86, 0x33, 0xCA, 0xD1, 0x0E, 0x82, 0x30,
    0x64, 0x18, 0xCE, 0x28, 0xC5, 0x2B, 0x4C, 0xF1, 0x8A, 0x43, 0x40, 0x02,
    0x11, 0x90, 0x38, 0x04, 0x24, 0x10, 0x01, 0x09, 0x44, 0x40, 0x02, 0x31,
    0x08, 0xFF, 0x0F, 0x31, 0x97, 0x2E, 0x20, 0x06, 0x29, 0x18, 0x30, 0x08,
    0xFF, 0x0F, 0x31, 0x88, 0x80, 0x04, 0x22, 0x20, 0x81, 0x08, 0x48, 0x1C,
    0x02, 0x12, 0x88, 0x80, 0xC4, 0x29, 0x5E, 0x61, 0x8A, 0x57, 0x14, 0xC3,
    0x19, 0x03, 0x61, 0x08, 0x39, 0xDA, 0x51, 0x0C, 0x67, 0x98, 0x21, 0x0E,
    0x09, 0x00, 0x98, 0x35, 0xD8, 0x47, 0x21, 0x58, 0x0D, 0x95, 0x98, 0x46,
    0x44, 0x9E, 0xD2, 0x18, 0xC6, 0x2C, 0x27, 0x41, 0x08, 0x3A, 0x52, 0xA1,
    0x08, 0x35, 0x2C, 0x61, 0x0B, 0x1F, 0xB0, 0x44, 0x45, 0xE8, 0xCA, 0x13,
    0x88, 0xD2, 0x08, 0x02, 0x29, 0xA2, 0x40, 0xC9, 0x30, 0x0C, 0x52, 0x8E,
    0x81, 0x1C, 0x28, 0x39, 0x6B, 0x39, 0x00, 0x99, 0x28, 0xE0, 0x07, 0x21,
    0xF8, 0x09, 0x9D, 0xD8, 0x46, 0x46, 0x30, 0x72, 0x95, 0xCA, 0x4C, 0x27,
    0x42, 0x10, 0x7A, 0x52, 0xA3, 0x96, 0x95, 0x30, 0x84, 0x1D, 0xAD, 0x70,
    0xC3, 0x0B, 0x1F, 0x08, 0x3E, 0x38, 0xF2, 0x81, 0xFF, 0x03, 0x08, 0x9A,
    0x28, 0x96, 0x57, 0x23, 0x58, 0x09, 0x93, 0x88, 0xC6, 0x43, 0x9A, 0xB2,
    0x98, 0xE4, 0x1C, 0xA8, 0x48, 0x83, 0x0A, 0xD6, 0x07, 0xAF, 0x5A, 0x81,
    0x1A, 0x52, 0x81, 0x8E, 0x93, 0x98, 0xA5, 0x34, 0xE4, 0x19, 0x91, 0x98,
    0x82, 0x02, 0x00, 0x9B, 0x1C, 0x20, 0x02, 0x39, 0x18, 0x20, 0x04, 0x21,
    0x10, 0x41, 0x08, 0x44, 0x10, 0x02, 0x11, 0x84, 0x40, 0x04, 0x21, 0x10,
    0x41, 0x08, 0x44, 0x10, 0x02, 0x11, 0x14, 0x9C, 0x24, 0x20, 0x06, 0x29,
    0x18, 0xFC, 0x03, 0x44, 0xF0, 0x88, 0x86, 0x2C, 0x26, 0x9D, 0x00, 0x39,
    0x88, 0x40, 0x0A, 0x42, 0x90, 0x81, 0x18, 0x24, 0x20, 0xC8, 0x51, 0x0A,
    0x33, 0x9C, 0xF8, 0xC0, 0xFF, 0x81, 0x0B, 0x9D, 0x39, 0x20, 0x08, 0x21,
    0xF8, 0x09, 0xDC, 0xC0, 0x0A, 0x75, 0xA0, 0xC4, 0x12, 0x92, 0xA0, 0x14,
    0x49, 0x58, 0x12, 0x10, 0xE8, 0x50, 0x05, 0xA3, 0x08, 0x44, 0x10, 0x02,
    0x11, 0x84, 0x40, 0x04, 0x21, 0x10, 0x41, 0x8A, 0x53, 0x90, 0xA3, 0x9C,
    0x04, 0x19, 0x88, 0x41, 0x02, 0x82, 0x1C, 0xA5, 0x30, 0xC3, 0x89, 0x0F,
    0xFC, 0x1F, 0xB8, 0x00, 0x9E, 0x34, 0x1C, 0x08, 0x21, 0x18, 0x22, 0xD1,
    0x61, 0x91, 0x8A, 0x14, 0x72, 0x86, 0x64, 0xB0, 0x00, 0x19, 0xB6, 0x74,
    0x49, 0x98, 0x98, 0x96, 0xB1, 0x99, 0x6A, 0x11, 0x98, 0x94, 0x89, 0x59,
    0x1D, 0x0A, 0xD1, 0x5E, 0x71, 0x0D, 0x17, 0x20, 0x83, 0x09, 0x09, 0x31,
    0x85, 0x92, 0x18, 0xD4, 0x9C, 0x88, 0x10, 0x00, 0x9F, 0x21, 0x20, 0x07,
    0x29, 0x18, 0x70, 0x84, 0xEF, 0x83, 0x43, 0x14, 0xA3, 0xFB, 0xE0, 0xE0,
    0x07, 0xFE, 0x00, 0xF1, 0xC1, 0x11, 0x32, 0x46, 0x10, 0x12, 0x23, 0x08,
    0x89, 0x11, 0x84, 0xC4, 0x00, 0xA0, 0x1C, 0x20, 0x08, 0x21, 0x18, 0xFC,
    0x03, 0xC4, 0x07, 0xD7, 0x9C, 0xC9, 0x54, 0xE5, 0x22, 0xD9, 0xD8, 0x44,
    0x17, 0x3E, 0xF8, 0x87, 0x3F, 0xF0, 0x7F, 0x00, 0x01, 0xA1, 0x34, 0x20,
    0x08, 0x21, 0x18, 0x10, 0x94, 0xFD, 0x23, 0xC1, 0x63, 0x88, 0xE0, 0x18,
    0x32, 0x34, 0x86, 0x10, 0x8C, 0x21, 0xC5, 0x62, 0x88, 0xA1, 0x18, 0x72,
    0x24, 0x86, 0x1C, 0x89, 0x21, 0x86, 0x62, 0x48, 0xB1, 0x18, 0x42, 0x30,
    0x86, 0x0C, 0x8D, 0x21, 0x82, 0x63, 0x48, 0xF0, 0x18, 0xCA, 0xFE, 0x28,
    0x02, 0xA2, 0x34, 0x20, 0x08, 0x21, 0x18, 0x20, 0x94, 0xFD, 0x7B, 0x01,
    0x61, 0x9C, 0x40, 0x98, 0x36, 0x10, 0x86, 0x11, 0x84, 0x59, 0x05, 0x61,
    0x94, 0x41, 0x98, 0x74, 0x10, 0x26, 0x1D, 0x84, 0x51, 0x06, 0x61, 0x56,
    0x41, 0x18, 0x46, 0x10, 0xA6, 0x0D, 0x84, 0x71, 0x02, 0x61, 0x5E, 0x40,
    0x18, 0xCA, 0xFE, 0x28, 0x01, 0xA3, 0x1C, 0x20, 0x08, 0x21, 0x18, 0xFC,
    0x3F, 0x80, 0x7C, 0xF0, 0x0F, 0x0B, 0x9D, 0xD8, 0x46, 0x46, 0xAE, 0x52,
    0x99, 0xE9, 0x7C, 0x70, 0xED, 0x03, 0x7F, 0x80, 0x00, 0xA4, 0x35, 0x20,
    0x08, 0x21, 0x18, 0x20, 0xE9, 0x52, 0xD6, 0xAA, 0x18, 0x14, 0x1F, 0xE9,
    0x8A, 0x0F, 0x84, 0x5E, 0xE4, 0x0E, 0x91, 0xB4, 0x83, 0x20, 0xEC, 0x30,
    0xC7, 0x3A, 0x90, 0xA1, 0x0E, 0x55, 0xA4, 0x83, 0x11, 0xC9, 0x68, 0x84,
    0x22, 0x1C, 0xB1, 0x84, 0x47, 0x70, 0xF2, 0x30, 0x1A, 0xFE, 0xC0, 0x1F,
    0x40, 0x00, 0xA5, 0x47, 0x20, 0x06, 0x29, 0xB8, 0x19, 0x97, 0x91, 0xD0,
    0x93, 0xDA, 0x61, 0x8E, 0x65, 0x28, 0x23, 0x19, 0xCC, 0x38, 0x86, 0x33,
    0xCA, 0x51, 0x06, 0x73, 0x10, 0xA3, 0x0C, 0xC8, 0x18, 0x07, 0x21, 0xD0,
    0x11, 0x10, 0x52, 0x88, 0x80, 0x40, 0x04, 0x15, 0x0E, 0x82, 0x90, 0x63,
    0x18, 0xC5, 0x44, 0x8E, 0x42, 0x94, 0xA3, 0x18, 0xCE, 0x38, 0x06, 0x33,
    0x92, 0xA1, 0x8C, 0x75, 0x98, 0xA3, 0x49, 0x0F, 0x92, 0xCC, 0x35, 0x1A,
    0x00, 0xA6, 0x54, 0x20, 0x08, 0x21, 0x98, 0x0D, 0x89, 0x80, 0x84, 0x41,
    0x5C, 0x41, 0x14, 0x57, 0x08, 0xC6, 0x49, 0x2F, 0x72, 0x52, 0x9B, 0x18,
    0xB5, 0x0C, 0xC1, 0x2C, 0x83, 0x28, 0xCB, 0x30, 0x08, 0x2B, 0x90, 0xC1,
    0x0A, 0x55, 0xAC, 0x62, 0x19, 0xA9, 0x58, 0xC8, 0x29, 0x96, 0x52, 0x8A,
    0x55, 0x88, 0x62, 0x14, 0xAB, 0x20, 0x84, 0x28, 0x56, 0x61, 0x04, 0x51,
    0xAC, 0x42, 0x19, 0xAA, 0x58, 0x46, 0x2A, 0xD8, 0x71, 0x8A, 0x86, 0x94,
    0xC2, 0x25, 0xA3, 0x78, 0x10, 0x7C, 0xA2, 0x23, 0x9B, 0xC9, 0xD0, 0xA5,
    0x02, 0xA7, 0x2E, 0x1C, 0x08, 0x21, 0x18, 0x30, 0x90, 0x21, 0xC1, 0x62,
    0x88, 0xA0, 0x18, 0x32, 0x24, 0x86, 0x10, 0x88, 0x21, 0xC5, 0x61, 0x88,
    0x61, 0x18, 0x72, 0x14, 0x86, 0x20, 0x84, 0x21, 0xC9, 0x60, 0x88, 0x22,
    0x18, 0xB2, 0x04, 0x06, 0xB2, 0xC1, 0x0F, 0xFC, 0xFF, 0x07, 0x1C, 0xA8,
    0x4C, 0x1C, 0x08, 0x21, 0x18, 0x05, 0x3C, 0xD8, 0x82, 0x1E, 0x32, 0x71,
    0x0D, 0x7B, 0x50, 0xD4, 0x54, 0xE2, 0x02, 0x99, 0xD7, 0x90, 0x40, 0x35,
    0x25, 0x40, 0x4E, 0x11, 0x8C, 0x63, 0x86, 0xE2, 0x18, 0x62, 0x38, 0xC6,
    0x10, 0xCD, 0x39, 0x42, 0x63, 0x90, 0xC0, 0x1C, 0x24, 0x2C, 0x87, 0x3A,
    0x4B, 0x40, 0x0E, 0x13, 0x10, 0xD3, 0x84, 0xE3, 0x34, 0xC2, 0x30, 0xCE,
    0x20, 0xCC, 0x43, 0x06, 0xE3, 0x18, 0xA1, 0x3C, 0x27, 0x28, 0x4E, 0x0A,
    0x48, 0x33, 0x00, 0xA9, 0x3D, 0x1F, 0x08, 0x21, 0x18, 0x10, 0x84, 0x59,
    0x04, 0x61, 0x16, 0x41, 0x98, 0x45, 0x10, 0x66, 0x11, 0x64, 0x47, 0xAC,
    0x40, 0x90, 0x4A, 0x10, 0x84, 0x1A, 0x04, 0x99, 0x08, 0x41, 0xA4, 0x42,
    0x90, 0xC8, 0x10, 0x04, 0x3A, 0x04, 0x89, 0x0C, 0x41, 0xA4, 0x42, 0x90,
    0x89, 0x10, 0x8C, 0x19, 0x04, 0x6B, 0x04, 0xC1, 0x9C, 0x40, 0xB0, 0x69,
    0x93, 0xFF, 0x6D, 0x00, 0xAA, 0x32, 0xD0, 0x87, 0x23, 0xD8, 0x18, 0xC9,
    0x50, 0x46, 0x32, 0x94, 0x91, 0x0C, 0x65, 0x24, 0x43, 0x39, 0xC1, 0x11,
    0x4E, 0x70, 0x94, 0xA1, 0x0A, 0x65, 0xA8, 0x62, 0x15, 0xAA, 0x58, 0xC5,
    0x22, 0xCC, 0x13, 0x9C, 0xC1, 0x90, 0xA5, 0x28, 0x07, 0x41, 0x47, 0x32,
    0x16, 0xC1, 0x86, 0x26, 0x2C, 0x00, 0xAB, 0x18, 0x20, 0x08, 0x21, 0x18,
    0x30, 0x94, 0x8D, 0x7E, 0xE0, 0x0F, 0x10, 0x1F, 0x1C, 0xF9, 0xC0, 0xFF,
    0xFF, 0x0F, 0x4C, 0xC1, 0x0B, 0x00, 0xAC, 0x40, 0x1C, 0x08, 0x21, 0x98,
    0x10, 0x8C, 0x30, 0x08, 0x42, 0x86, 0x62, 0x14, 0xA1, 0x18, 0x25, 0x30,
    0x04, 0x8F, 0x30, 0x41, 0x31, 0x8A, 0x50, 0x8C, 0x32, 0x10, 0x84, 0x18,
    0x82, 0x11, 0x88, 0x60, 0x04, 0x22, 0x18, 0x81, 0x08, 0x46, 0x20, 0x62,
    0x15, 0x68, 0x4A, 0x53, 0x92, 0x14, 0xC4, 0x8A, 0x8A, 0x4C, 0x45, 0x2A,
    0x91, 0x81, 0x6C, 0x51, 0x91, 0xCA, 0x44, 0x2C, 0x41, 0x01, 0xAD, 0x3D,
    0x20, 0x08, 0x21, 0x18, 0x3C, 0xD1, 0x91, 0xCD, 0x64, 0xE8, 0x52, 0x15,
    0xAB, 0xD8, 0xA5, 0x32, 0xB4, 0x99, 0x85, 0x38, 0x24, 0x41, 0x8E, 0x38,
    0x18, 0x23, 0x0A, 0x88, 0x90, 0x81, 0x12, 0x3E, 0x58, 0x12, 0x54, 0x20,
    0x09, 0x24, 0x44, 0xC3, 0x0C, 0xF1, 0x20, 0x84, 0x3C, 0x44, 0x31, 0x1B,
    0xCA, 0xD4, 0xC5, 0xAA, 0xEA, 0x42, 0x99, 0xD9, 0x48, 0x27, 0x3E, 0xAE,
    0x3D, 0x9E, 0x17, 0x23, 0x58, 0x08, 0x2A, 0x80, 0x04, 0x12, 0x9E, 0x61,
    0x86, 0x77, 0x10, 0x02, 0x1E, 0xA2, 0x88, 0x8D, 0x64, 0xE6, 0x42, 0x55,
    0x73, 0x91, 0x4C, 0x6C, 0xA0, 0xF3, 0x1E, 0xFF, 0x3C, 0x07, 0x36, 0x91,
    0x91, 0xCB, 0x54, 0xA8, 0x42, 0x97, 0xC9, 0xC8, 0x26, 0x16, 0xE2, 0x80,
    0x04, 0x39, 0xDE, 0x60, 0x8C, 0x27, 0x20, 0x02, 0x06, 0x4A, 0x10, 0x00,
    0xAF, 0x50, 0x20, 0x08, 0x21, 0x98, 0x21, 0xD5, 0x81, 0x52, 0xA3, 0x16,
    0x62, 0x90, 0x64, 0xA4, 0xE4, 0x20, 0x67, 0x29, 0x09, 0x5A, 0x48, 0xA2,
    0x92, 0x71, 0xB4, 0x80, 0x14, 0xE2, 0x60, 0x42, 0x21, 0x44, 0xE1, 0x0A,
    0x41, 0x84, 0x02, 0x46, 0x4E, 0x6A, 0x53, 0x8B, 0x82, 0xB0, 0x24, 0x27,
    0xB9, 0xA9, 0x39, 0xE1, 0x60, 0x8B, 0x48, 0x9E, 0x21, 0x12, 0x58, 0x8C,
    0xC4, 0x15, 0x44, 0x69, 0x45, 0x49, 0x96, 0x71, 0x10, 0x65, 0x24, 0xE4,
    0x1C, 0x8B, 0x6A, 0x12, 0x74, 0x2A, 0xC2, 0x00, 0xB0, 0x2D, 0x20, 0x08,
    0x21, 0x98, 0x07, 0x7E, 0xE0, 0x85, 0x3E, 0xF0, 0x79, 0x50, 0x30, 0x07,
    0x24, 0xC8, 0x01, 0x0D, 0x71, 0xC0, 0x77, 0xF0, 0x10, 0x06, 0x3C, 0x08,
    0x01, 0x91, 0x22, 0x40, 0xE4, 0x22, 0xD9, 0xD8, 0x44, 0x17, 0x3E, 0xB8,
    0xFF, 0x81, 0x3F, 0x40, 0x00, 0xB1, 0x39, 0x1C, 0x07, 0x29, 0x18, 0x10,
    0x84, 0x44, 0x10, 0x42, 0x22, 0x08, 0x21, 0x11, 0x84, 0x90, 0x7D, 0xB0,
    0x49, 0x10, 0x12, 0x41, 0x08, 0x89, 0x20, 0x84, 0x44, 0x10, 0x42, 0xF6,
    0xC1, 0x26, 0x41, 0x48, 0x04, 0x21, 0x24, 0x82, 0x10, 0x12, 0x41, 0x08,
    0xD9, 0x07, 0x9B, 0x04, 0x21, 0x11, 0x84, 0x90, 0x08, 0x42, 0x48, 0x04,
    0x21, 0x64, 0xB2, 0x49, 0x20, 0x08, 0x21, 0x18, 0x20, 0x04, 0x21, 0x10,
    0x41, 0x08, 0x44, 0x10, 0x02, 0x11, 0x84, 0x40, 0x04, 0x21, 0x10, 0x41,
    0x08, 0x44, 0x10, 0x02, 0x11, 0xD4, 0x07, 0x47, 0x50, 0x04, 0x22, 0x08,
    0x81, 0x08, 0x42, 0x20, 0x82, 0x10, 0x88, 0x20, 0x04, 0x22, 0x08, 0x81,
    0x08, 0x42, 0x20, 0x82, 0xFA, 0xE0, 0x08, 0x8A, 0x40, 0x04, 0x21, 0x10,
    0x41, 0x08, 0x44, 0x10, 0x02, 0x11, 0x84, 0x40, 0x04, 0x21, 0x10, 0x41,
    0x08, 0x44, 0x50, 0xB3, 0x13, 0x20, 0x08, 0x21, 0x18, 0x30, 0x08, 0xFF,
    0x0F, 0x31, 0x1F, 0xFC, 0x21, 0x06, 0xE1, 0xFF, 0x21, 0x06, 0xB4, 0x1A,
    0x1C, 0x08, 0x21, 0x18, 0xFC, 0xFF, 0x07, 0xA2, 0xA0, 0x7D, 0x30, 0xFA,
    0x81, 0x3F, 0x90, 0x88, 0x8C, 0x60, 0x24, 0x13, 0x1F, 0xF8, 0x01, 0x0C,
    0xB5, 0x3D, 0x1C, 0x07, 0x29, 0x18, 0x30, 0x04, 0x8F, 0x30, 0xC3, 0x50,
    0xC6, 0x21, 0x18, 0x81, 0x08, 0x46, 0x20, 0x82, 0x11, 0x88, 0x60, 0x04,
    0x22, 0x18, 0x81, 0x08, 0x46, 0x20, 0x82, 0x11, 0x88, 0x1E, 0x22, 0x18,
    0x81, 0x08, 0x46, 0x20, 0x82, 0x11, 0x88, 0x60, 0x04, 0x22, 0x18, 0x81,
    0x08, 0x46, 0x20, 0x82, 0x11, 0xC7, 0x50, 0xC6, 0x60, 0x08, 0x1E, 0x61,
    0x00, 0xB6, 0x39, 0x20, 0x07, 0x29, 0xB8, 0x19, 0x97, 0x99, 0x4E, 0x84,
    0x9E, 0x61, 0x8C, 0x56, 0xA8, 0x62, 0x15, 0xAC, 0x50, 0x84, 0x23, 0x14,
    0xE1, 0x88, 0x44, 0x40, 0x02, 0x11, 0x90, 0x40, 0x04, 0x24, 0x10, 0x01,
    0x09, 0x44, 0x40, 0x02, 0x11, 0x90, 0x40, 0x04, 0x24, 0xCA, 0x01, 0x8F,
    0x80, 0x40, 0xF8, 0x0F, 0x22, 0xC1, 0x90, 0x46, 0x00, 0x00, 0xB7, 0x2D,
    0xE0, 0x06, 0x23, 0xB8, 0x18, 0xCA, 0x40, 0x8A, 0x51, 0x0A, 0x43, 0x98,
    0xE1, 0x08, 0xB7, 0xF0, 0x81, 0xFF, 0x80, 0x11, 0x3C, 0xE1, 0x0D, 0xAE,
    0x68, 0x07, 0x4B, 0xD6, 0xA2, 0x9A, 0xF4, 0xA0, 0xE8, 0x4C, 0xA6, 0x2A,
    0x17, 0xC9, 0xC6, 0x26, 0xBA, 0xF0, 0x00, 0xB8, 0x31, 0x1E, 0x17, 0x29,
    0xD8, 0x09, 0x9B, 0xC8, 0x86, 0x55, 0x26, 0x13, 0x1D, 0x27, 0x2D, 0x2A,
    0x59, 0x46, 0x1B, 0x5C, 0xF0, 0x06, 0x66, 0xF0, 0xCF, 0x20, 0x08, 0x31,
    0x08, 0x42, 0x0C, 0x82, 0x10, 0x83, 0x20, 0xC4, 0x20, 0x08, 0x31, 0x08,
    0x42, 0x0C, 0x82, 0x10, 0x83, 0x20, 0x64, 0x00, 0xB9, 0x23, 0x20, 0x08,
    0x21, 0x18, 0xFC, 0x03, 0x08, 0x46, 0xFF, 0x86, 0xE0, 0x84, 0x81, 0x08,
    0x82, 0x11, 0x02, 0x09, 0x86, 0x32, 0x02, 0x94, 0xF0, 0x1F, 0xCA, 0x8E,
    0x66, 0xB6, 0xF2, 0x81, 0x3F, 0x80, 0x00, 0xBA, 0x17, 0x20, 0x08, 0x21,
    0x18, 0xFC, 0x3F, 0xC0, 0x60, 0xF4, 0x3F, 0xCC, 0xC0, 0xC8, 0x4D, 0xAC,
    0x52, 0x1F, 0xF8, 0x3F, 0x30, 0x01, 0xBB, 0x34, 0x20, 0x04, 0x31, 0xB8,
    0x14, 0xCB, 0x40, 0xA9, 0xC2, 0x10, 0x66, 0x38, 0xC2, 0x11, 0x05, 0x61,
    0x48, 0x11, 0x0A, 0xA3, 0x98, 0x04, 0xA1, 0x92, 0x91, 0x90, 0x64, 0x24,
    0x04, 0x21, 0x28, 0x31, 0x8A, 0x29, 0x42, 0x41, 0x18, 0x52, 0x08, 0xD7,
    0x60, 0x08, 0x53, 0x12, 0x94, 0xA0, 0x62, 0x19, 0x05, 0x00, 0xBC, 0x33,
    0x10, 0x88, 0x21, 0x58, 0x11, 0xCB, 0x48, 0x08, 0x42, 0x4B, 0xC6, 0x22,
    0x3E, 0x70, 0x08, 0x85, 0x1C, 0xC5, 0x28, 0xA5, 0x10, 0x05, 0x21, 0x31,
    0x62, 0x15, 0x8B, 0x58, 0xC5, 0x22, 0x56, 0xB1, 0x08, 0x46, 0x2C, 0x82,
    0x91, 0x08, 0x41, 0x0A, 0x51, 0x14, 0xC5, 0x28, 0x07, 0x51, 0x04, 0x01,
    0x00, 0xBD, 0x28, 0x1C, 0x08, 0x21, 0x18, 0xD1, 0x73, 0xC9, 0x4C, 0x64,
    0x32, 0x93, 0x89, 0xCC, 0x94, 0x4C, 0x66, 0x32, 0x91, 0x99, 0x92, 0xC9,
    0x4C, 0x26, 0x32, 0x53, 0x32, 0x99, 0xC9, 0x44, 0x66, 0x6A, 0x22, 0x33,
    0x71, 0x14, 0xA2, 0x43, 0x00, 0xBE, 0x1A, 0x20, 0x07, 0x29, 0x18, 0xFC,
    0x03, 0xC4, 0x07, 0x47, 0x3E, 0xF0, 0x07, 0x88, 0x0F, 0x8E, 0x7C, 0xE0,
    0x0F, 0x10, 0x1F, 0x1C, 0xC2, 0x47, 0x00, 0xBF, 0x1C, 0x20, 0x07, 0x29,
    0x18, 0xFC, 0x03, 0xC4, 0x07, 0x47, 0x3E, 0xF0, 0x07, 0x88, 0x0F, 0x8E,
    0x7C, 0xE0, 0x0F, 0x10, 0x1F, 0x1C, 0xC1, 0x10, 0x1E, 0x02, 0x00, 0xC0,
    0x1A, 0x20, 0x07, 0x29, 0x18, 0xFC, 0x03, 0xC4, 0x07, 0x47, 0x3E, 0xF0,
    0x07, 0x88, 0x0F, 0x8E, 0x7C, 0xE0, 0x0F, 0x10, 0x1F, 0x1C, 0xC3, 0x10,
    0x1E, 0xC1, 0x37, 0x20, 0x08, 0x21, 0x78, 0x1A, 0x58, 0xA1, 0x4E, 0x84,
    0x20, 0x42, 0x88, 0x87, 0x18, 0xC2, 0x1D, 0x68, 0x68, 0x08, 0x22, 0x18,
    0x82, 0x08, 0x86, 0x20, 0x82, 0x25, 0xA6, 0x60, 0x0A, 0x31, 0x56, 0xA5,
    0x2A, 0x65, 0x25, 0x2B, 0x5D, 0xE8, 0x4A, 0x95, 0xA2, 0x16, 0xF4, 0x22,
    0x27, 0xB5, 0x89, 0x31, 0x94, 0xFD, 0x28, 0x00, 0xC2, 0x35, 0x20, 0x06,
    0x29, 0xB8, 0x58, 0x09, 0x43, 0x38, 0x44, 0x40, 0x02, 0x11, 0x90, 0x40,
    0x04, 0x24, 0x10, 0x01, 0x09, 0x44, 0x40, 0x02, 0x11, 0x90, 0x40, 0x04,
    0x24, 0x10, 0x01, 0x09, 0x44, 0x40, 0x02, 0x11, 0x90, 0x40, 0x04, 0x24,
    0x10, 0x01, 0x09, 0xC2, 0x20, 0x3C, 0xF4, 0x81, 0x1F, 0x78, 0x82, 0x17,
    0x00, 0xC3, 0x38, 0x20, 0x08, 0x21, 0x18, 0x40, 0x10, 0xFE, 0x11, 0x02,
    0x41, 0x84, 0x40, 0x10, 0x21, 0x10, 0x44, 0x08, 0x04, 0x11, 0x02, 0x41,
    0x84, 0x40, 0x10, 0x21, 0x10, 0x44, 0x08, 0x4E, 0x10, 0x82, 0x12, 0x84,
    0xA0, 0x04, 0x21, 0x28, 0x41, 0x08, 0x04, 0x11, 0x02, 0x41, 0x84, 0x40,
    0x10, 0x21, 0x10, 0x44, 0x08, 0x4E, 0x0E, 0xC2, 0x03, 0xC4, 0x2A, 0x14,
    0x48, 0x21, 0xB8, 0x09, 0xB0, 0x68, 0xC7, 0x42, 0x14, 0x1A, 0x12, 0xC2,
    0x81, 0x54, 0x08, 0x51, 0xE8, 0x21, 0x21, 0x1C, 0x48, 0x85, 0x10, 0x85,
    0xA8, 0x24, 0x2D, 0x88, 0x95, 0x96, 0x0F, 0xE2, 0x47, 0x43, 0x18, 0xC2,
    0x8E, 0x03, 0x00, 0xC5, 0x5D, 0x20, 0x08, 0x21, 0x18, 0x11, 0xC9, 0x68,
    0xC4, 0x51, 0x16, 0x61, 0x18, 0x45, 0x14, 0xA7, 0x20, 0xC4, 0x20, 0x45,
    0x41, 0x48, 0x61, 0x0A, 0x82, 0x10, 0x02, 0x11, 0x04, 0x29, 0x42, 0x22,
    0x38, 0x69, 0x17, 0xBA, 0x48, 0x83, 0x33, 0x50, 0xC1, 0x0C, 0x54, 0x30,
    0x03, 0x19, 0xCB, 0x40, 0xC6, 0x32, 0x90, 0xB1, 0x0C, 0x64, 0xB0, 0x02,
    0x19, 0x8D, 0x48, 0x85, 0x2E, 0x36, 0xC1, 0x49, 0x49, 0x28, 0x08, 0x21,
    0x10, 0x41, 0x10, 0x52, 0x98, 0x82, 0x20, 0xA5, 0x20, 0x06, 0x41, 0x8A,
    0x53, 0x08, 0xC5, 0x18, 0x62, 0x29, 0x87, 0x68, 0x46, 0x22, 0x10, 0x00,
    0xC6, 0x4A, 0x20, 0x08, 0x21, 0xB8, 0x1A, 0x58, 0xA9, 0x0C, 0x6D, 0x26,
    0x41, 0x8A, 0x39, 0x98, 0x82, 0x93, 0xB9, 0x61, 0x11, 0x0B, 0x41, 0x45,
    0x5A, 0x4C, 0x91, 0x98, 0x62, 0xA0, 0x63, 0x0C, 0xC4, 0x40, 0xC6, 0x32,
    0x90, 0xB1, 0x0C, 0x64, 0x2C, 0x03, 0x19, 0xCB, 0x40, 0x46, 0x19, 0xC4,
    0x81, 0x8C, 0xC2, 0xA4, 0xC2, 0x2C, 0xA9, 0x40, 0xC8, 0x22, 0x35, 0x82,
    0x93, 0x78, 0x61, 0x86, 0x59, 0x10, 0x62, 0x36, 0x94, 0xB1, 0x48, 0x2E,
    0x2C, 0x00, 0xC7, 0x2C, 0x20, 0x07, 0x29, 0x38, 0x08, 0x85, 0x23, 0x1C,
    0xC1, 0x82, 0x50, 0xB0, 0x0F, 0xAE, 0x08, 0x85, 0x23, 0x1C, 0xC1, 0x82,
    0x50, 0xB0, 0x0F, 0xAE, 0x08, 0x85, 0x23, 0x1C, 0xC1, 0x82, 0x50, 0xB0,
    0x0F, 0xAE, 0x08, 0x85, 0x23, 0x1C, 0xC1, 0x82, 0x50, 0x30, 0xC8, 0x17,
    0x20, 0x07, 0x29, 0x18, 0x30, 0x84, 0x1F, 0x65, 0x47, 0xD8, 0xEF, 0x83,
    0x43, 0x0C, 0xE1, 0x47, 0xD9, 0x11, 0xF6, 0x23, 0x00, 0xC9, 0x31, 0x9E,
    0x17, 0x23, 0x98, 0x0B, 0x9A, 0xC0, 0xC5, 0x3D, 0x2A, 0x42, 0x15, 0xB9,
    0xC4, 0xE6, 0x39, 0x0E, 0x62, 0xD1, 0x9A, 0x12, 0x85, 0x2C, 0x73, 0x21,
    0x6B, 0x49, 0xEF, 0x91, 0x0B, 0x55, 0x2A, 0x62, 0x11, 0x7B, 0x60, 0x03,
    0x17, 0xB9, 0xD0, 0xC3, 0x1E, 0xB6, 0xD0, 0x03, 0x07, 0x00, 0xCA, 0x19,
    0x18, 0x47, 0x29, 0x38, 0x19, 0x50, 0x69, 0xCC, 0x72, 0x54, 0x41, 0x8A,
    0x54, 0x98, 0x02, 0x91, 0xFF, 0x23, 0x1F, 0xF8, 0xFF, 0x03, 0x0C, 0xCB,
    0x1A, 0x18, 0x48, 0x21, 0x38, 0x19, 0x50, 0x69, 0xCC, 0x72, 0x54, 0x41,
    0x8A, 0x54, 0x98, 0x02, 0x91, 0xA3, 0xE4, 0x8F, 0x7C, 0xE0, 0xFF, 0x0F,
    0x30, 0xCC, 0x35, 0x20, 0x07, 0x29, 0x18, 0x07, 0x5F, 0xF0, 0x43, 0x2F,
    0x0A, 0x37, 0xBC, 0xF0, 0x05, 0x4F, 0x10, 0xB4, 0x18, 0x04, 0x1D, 0x0A,
    0x41, 0x05, 0x43, 0xD0, 0xE0, 0x83, 0x93, 0x01, 0x25, 0x8C, 0x40, 0x89,
    0x32, 0x50, 0x62, 0x14, 0x94, 0x10, 0x5E, 0xF8, 0x82, 0x37, 0xB8, 0x52,
    0xF4, 0xC1, 0x0B, 0x3F, 0xC0, 0x00, 0xCD, 0x3A, 0x20, 0x06, 0x29, 0xB8,
    0x0D, 0xDA, 0xC8, 0x07, 0x46, 0xAE, 0x91, 0x0B, 0x27, 0xA8, 0xC2, 0x11,
    0x89, 0x70, 0x06, 0x22, 0x9C, 0x71, 0x08, 0x87, 0x18, 0xA2, 0x29, 0x85,
    0x60, 0x18, 0x23, 0x8A, 0xD2, 0x08, 0x83, 0x38, 0xE2, 0x18, 0x8E, 0x40,
    0x86, 0x23, 0x12, 0xE1, 0x0A, 0x25, 0xB8, 0x22, 0x1B, 0x17, 0xC1, 0x47,
    0x36, 0xF4, 0xD0, 0x00, 0xCE, 0x41, 0x20, 0x08, 0x21, 0x98, 0x60, 0x08,
    0x0F, 0x11, 0x90, 0x40, 0x04, 0x24, 0x10, 0x01, 0x09, 0x44, 0x40, 0x82,
    0x93, 0x25, 0x21, 0x12, 0x49, 0x68, 0x0C, 0x21, 0x9A, 0x42, 0x8C, 0x86,
    0x14, 0xA3, 0x21, 0x04, 0x69, 0x46, 0x41, 0x9A, 0x41, 0x94, 0x46, 0x10,
    0xA6, 0x09, 0x89, 0x88, 0x42, 0x22, 0x38, 0x19, 0x24, 0x10, 0x01, 0x09,
    0x44, 0x40, 0x02, 0x11, 0x90, 0x40, 0xF8, 0x08, 0x00, 0xCF, 0x4F, 0x20,
    0x08, 0x21, 0x58, 0x21, 0x96, 0x91, 0xD0, 0x93, 0xDA, 0x61, 0x8E, 0x65,
    0x28, 0x23, 0x15, 0xAE, 0x40, 0x04, 0x24, 0x4E, 0x01, 0x0B, 0x43, 0x48,
    0xA2, 0x14, 0xB2, 0x20, 0x04, 0x25, 0x08, 0x41, 0x09, 0x42, 0x50, 0x82,
    0x10, 0x94, 0x20, 0x04, 0x25, 0x08, 0x41, 0x09, 0x52, 0xC8, 0xA2, 0x10,
    0x92, 0x30, 0x05, 0x2C, 0x0E, 0x01, 0x09, 0x54, 0x38, 0x03, 0x19, 0x2A,
    0x41, 0x87, 0x61, 0x50, 0x2E, 0x61, 0x0A, 0x21, 0xCA, 0x4D, 0x30, 0x92,
    0x0F, 0x5D, 0x04, 0x00, 0xD0, 0x3F, 0x20, 0x08, 0x21, 0x18, 0xFC, 0x03,
    0x08, 0x46, 0x87, 0x08, 0x86, 0x18, 0x44, 0x21, 0x45, 0x49, 0x48, 0x51,
    0x12, 0x42, 0x0A, 0x51, 0x20, 0x84, 0x90, 0x10, 0x42, 0x48, 0x08, 0x21,
    0x85, 0x28, 0x10, 0x52, 0x94, 0x84, 0x14, 0x25, 0x21, 0x06, 0x51, 0x88,
    0x41, 0x14, 0x72, 0x0C, 0xF2, 0x20, 0x82, 0x40, 0x49, 0x28, 0x50, 0x7C,
    0x30, 0x1A, 0xFE, 0xC0, 0x1F, 0x40, 0x00, 0xD1, 0x3C, 0xD8, 0x47, 0x23,
    0x38, 0x19, 0x8F, 0x59, 0x4E, 0x82, 0x8E, 0x61, 0x8C, 0x52, 0xA8, 0x62,
    0x14, 0xAC, 0x10, 0x84, 0x23, 0x04, 0xE1, 0x88, 0x40, 0x40, 0xF4, 0x20,
    0x11, 0x08, 0x47, 0x08, 0xC2, 0x11, 0xA2, 0x60, 0xC5, 0x28, 0x54, 0x41,
    0x0E, 0x73, 0x14, 0xE9, 0x40, 0x08, 0x4A, 0xCE, 0x62, 0x18, 0xD3, 0x94,
    0x87, 0x44, 0x63, 0x12, 0x55, 0x58, 0x00, 0xD2, 0x0D, 0x18, 0x46, 0x29,
    0x18, 0x20, 0x08, 0xFE, 0xFF, 0xFF, 0x10, 0x02, 0xD3, 0x28, 0x17, 0x46,
    0x29, 0x18, 0x04, 0x76, 0xA0, 0x85, 0x3C, 0x60, 0xE2, 0x16, 0xD6, 0xA8,
    0x07, 0x45, 0x66, 0x22, 0x95, 0xF8, 0xC0, 0x07, 0x0A, 0x31, 0x91, 0xC8,
    0x3C, 0xA8, 0x51, 0x0B, 0x4B, 0xDC, 0x01, 0x0B, 0x39, 0xD0, 0xC0, 0x02,
    0xD4, 0x22, 0x18, 0x46, 0x29, 0x38, 0x19, 0x8F, 0x59, 0x4E, 0x82, 0x8E,
    0x54, 0xA8, 0x61, 0x09, 0x5B, 0xF8, 0xC0, 0x1F, 0xA0, 0x82, 0x25, 0x6C,
    0x83, 0x2A, 0xD2, 0x81, 0x92, 0xB3, 0x98, 0x67, 0x24, 0x00, 0xD5, 0x45,
    0x1F, 0x16, 0x29, 0xD8, 0x05, 0x2F, 0x68, 0x82, 0x13, 0xD8, 0xD0, 0x06,
    0x55, 0xAC, 0x22, 0x19, 0xCA, 0x40, 0x47, 0x3A, 0x4C, 0x72, 0x92, 0xA2,
    0x18, 0x85, 0x2C, 0x65, 0x11, 0xCD, 0x68, 0x82, 0x23, 0xBA, 0xE0, 0x85,
    0x27, 0x38, 0xC2, 0x11, 0xCD, 0x68, 0xC8, 0x52, 0x96, 0xA2, 0x18, 0xC5,
    0x24, 0x27, 0x41, 0x47, 0x3A, 0x92, 0xA1, 0x0C, 0x55, 0xAC, 0x82, 0x0D,
    0x6D, 0x68, 0x82, 0x13, 0x5C, 0xF0, 0x02, 0xD6, 0x3E, 0x1F, 0x06, 0x29,
    0x18, 0x04, 0x2F, 0x70, 0xA2, 0x36, 0x62, 0xC5, 0x2A, 0x94, 0x29, 0x9D,
    0x50, 0x72, 0x12, 0xA3, 0x2A, 0x2B, 0xD2, 0x8C, 0x46, 0xB8, 0xC2, 0x13,
    0xBC, 0xD0, 0x09, 0x27, 0x34, 0xA3, 0x11, 0x4B, 0x59, 0x88, 0x62, 0x94,
    0x92, 0x9C, 0xC4, 0x1C, 0xE9, 0x40, 0x86, 0x32, 0x52, 0xB1, 0x0A, 0x35,
    0xB4, 0x81, 0x09, 0x4E, 0x68, 0xC1, 0x0B, 0x1C, 0x00, 0xD7, 0x27, 0x1C,
    0x06, 0x29, 0x18, 0x20, 0x33, 0x91, 0x0A, 0x64, 0x9C, 0xD3, 0x9E, 0x15,
    0xA5, 0x09, 0x51, 0xC6, 0x22, 0xD8, 0xC8, 0xC2, 0x6E, 0x64, 0x04, 0x33,
    0x16, 0xA2, 0xD2, 0xB4, 0xA2, 0xF6, 0x38, 0x07, 0x32, 0x52, 0x99, 0x01,
    0xD8, 0x28, 0x1C, 0x06, 0x29, 0x18, 0x04, 0x53, 0x91, 0x0C, 0x74, 0xDC,
    0xD3, 0xA2, 0x35, 0x25, 0x0A, 0x59, 0x06, 0x23, 0xD9, 0xD8, 0xC2, 0x16,
    0xB2, 0x81, 0x11, 0xCB, 0x50, 0x68, 0x4A, 0xD1, 0x7A, 0x9A, 0xE3, 0x18,
    0xA8, 0xC8, 0x64, 0x22, 0xD9, 0x0B, 0x18, 0x46, 0x29, 0x18, 0xFC, 0xFF,
    0xFF, 0x80, 0x04, 0xDA, 0x14, 0x20, 0x08, 0x21, 0x18, 0x41, 0x10, 0xFE,
    0xD0, 0x07, 0xFE, 0xFF, 0x0F, 0x40, 0x08, 0x82, 0xF0, 0x87, 0x00, 0xDB,
    0x16, 0x20, 0x07, 0x21, 0x18, 0xFC, 0x03, 0xC4, 0x07, 0x7F, 0xE8, 0x03,
    0x7F, 0x80, 0xF8, 0xE0, 0x0F, 0x7D, 0xE0, 0x0F, 0x10, 0xDC, 0x35, 0x18,
    0x48, 0x21, 0x58, 0x11, 0xD3, 0x88, 0x08, 0x44, 0x2F, 0x09, 0x05, 0x29,
    0x42, 0x20, 0x08, 0xFA, 0xAF, 0x18, 0x85, 0x08, 0x44, 0x21, 0x4A, 0x11,
    0x08, 0x47, 0x88, 0x82, 0x15, 0xA3, 0x50, 0x45, 0x31, 0x8C, 0x71, 0xA0,
    0xE4, 0x2C, 0xE6, 0x19, 0x93, 0xA0, 0x64, 0x90, 0x59, 0x4E, 0x82, 0x10,
    0x44, 0x00, 0xDD, 0x0A, 0x20, 0x02, 0x39, 0x18, 0xFC, 0x3F, 0x80, 0x00,
    0xDE, 0x1E, 0x20, 0x08, 0x21, 0x38, 0x78, 0xE1, 0x03, 0x3F, 0x70, 0x60,
    0xF4, 0xFF, 0xC3, 0x1F, 0xF8, 0x81, 0x23, 0x78, 0x0D, 0xC1, 0x68, 0x92,
    0x5A, 0x56, 0xC2, 0x10, 0x46, 0x00, 0xDF, 0x32, 0xDF, 0x07, 0x23, 0x58,
    0x05, 0x5C, 0xD8, 0x84, 0x2E, 0xB2, 0x81, 0x4F, 0x17, 0xB1, 0x89, 0x55,
    0xAA, 0x42, 0x17, 0xCA, 0x4C, 0x66, 0x36, 0xD2, 0x89, 0x0F, 0x84, 0x5E,
    0xF4, 0xA4, 0x56, 0xA1, 0x20, 0x78, 0x82, 0x1B, 0x1C, 0xD1, 0x0C, 0x86,
    0x2C, 0x45, 0x31, 0xE9, 0x39, 0x14, 0x59, 0x00, 0xE0, 0x39, 0x9A, 0x16,
    0x2B, 0x98, 0x09, 0x97, 0xA8, 0xC6, 0x44, 0xA2, 0x32, 0x09, 0x4B, 0x7A,
    0x81, 0x21, 0x4C, 0x70, 0x04, 0x43, 0x18, 0xA1, 0x0C, 0x86, 0x30, 0xC3,
    0xC0, 0xC2, 0x07, 0xAA, 0x80, 0x8D, 0xC1, 0x10, 0x66, 0x28, 0x82, 0x21,
    0x8C, 0x70, 0x02, 0x43, 0x98, 0xE0, 0x11, 0x96, 0x34, 0x95, 0x88, 0x4C,
    0xA3, 0x12, 0x57, 0x60, 0x00, 0xE1, 0x4A, 0x20, 0x08, 0x21, 0xB8, 0x2E,
    0x2F, 0x5A, 0x55, 0xBA, 0x10, 0x3E, 0xD4, 0x1C, 0x02, 0x19, 0x8E, 0x40,
    0x04, 0x24, 0x10, 0x01, 0x09, 0x44, 0x40, 0x02, 0x11, 0x90, 0x40, 0x04,
    0x24, 0x10, 0x01, 0x09, 0x44, 0x30, 0x04, 0x11, 0x4A, 0x41, 0x44, 0x5A,
    0x10, 0x91, 0x16, 0x82, 0x20, 0x46, 0x28, 0x88, 0x09, 0x0B, 0x62, 0xC2,
    0x82, 0xB0, 0xA4, 0x04, 0x26, 0x29, 0x81, 0x51, 0x88, 0x60, 0x18, 0x51,
    0x14, 0xAB, 0x5C, 0x44, 0x13, 0x18, 0x00, 0xE2, 0x65, 0x1C, 0x08, 0x21,
    0x38, 0x1A, 0x54, 0x89, 0xCC, 0x73, 0x9A, 0x41, 0x0A, 0x66, 0x98, 0x42,
    0x19, 0x88, 0x48, 0x46, 0x22, 0x90, 0xA1, 0x88, 0x63, 0x2C, 0xC2, 0x18,
    0xAB, 0x28, 0xC6, 0x2A, 0x8A, 0xB1, 0x0C, 0x62, 0x08, 0xE1, 0x18, 0xC4,
    0x10, 0x44, 0x31, 0x4A, 0x21, 0x8C, 0x61, 0x94, 0x62, 0x14, 0xC3, 0x30,
    0xC4, 0x28, 0x86, 0x61, 0x88, 0x51, 0x0C, 0xE3, 0x10, 0x83, 0x18, 0x06,
    0x22, 0x06, 0x21, 0x8C, 0x44, 0x8C, 0x45, 0x04, 0x87, 0x20, 0xC8, 0x18,
    0x0C, 0x51, 0x8C, 0x51, 0x18, 0xA2, 0x10, 0xC3, 0x30, 0x85, 0x32, 0x50,
    0x81, 0x8C, 0x64, 0x18, 0x63, 0x41, 0xCD, 0x81, 0x0A, 0x35, 0x1C, 0x00,
    0xE3, 0x28, 0xDF, 0x07, 0x21, 0xF8, 0x0A, 0x9C, 0xD0, 0x46, 0x3E, 0x97,
    0x8D, 0x27, 0x24, 0xE2, 0x11, 0x49, 0x78, 0x06, 0x46, 0xAC, 0x42, 0x19,
    0xE9, 0xC0, 0xE7, 0xBD, 0x3F, 0xE8, 0xC4, 0x46, 0x32, 0x73, 0xA1, 0x4A,
    0x4D, 0x2C, 0x72, 0x01, 0xE4, 0x46, 0x20, 0x08, 0x21, 0x98, 0x12, 0xDB,
    0xC8, 0xC8, 0x55, 0x1A, 0x61, 0x12, 0x66, 0x14, 0x45, 0x21, 0x25, 0x49,
    0x0A, 0x49, 0x92, 0x52, 0x10, 0xC4, 0x10, 0x04, 0x31, 0x04, 0x41, 0x0C,
    0x39, 0x12, 0x43, 0x8E, 0xC4, 0x10, 0x43, 0x31, 0xA4, 0x60, 0x4A, 0x21,
    0x9A, 0x72, 0x11, 0x27, 0x24, 0xC3, 0x11, 0x89, 0x68, 0xC7, 0x4D, 0x84,
    0xC0, 0x84, 0x92, 0x04, 0x42, 0x11, 0xE5, 0x31, 0x07, 0xE1, 0x8F, 0xD1,
    0x31, 0x00, 0xE5, 0x2B, 0x20, 0x08, 0x21, 0xD8, 0x11, 0x1A, 0xB9, 0x4A,
    0x65, 0xA6, 0x23, 0x5D, 0x11, 0x82, 0xF0, 0x45, 0x47, 0xBA, 0x26, 0x53,
    0x95, 0x8B, 0x68, 0x62, 0x0E, 0x70, 0x40, 0x86, 0x33, 0x4A, 0xA2, 0x92,
    0xC1, 0x18, 0x46, 0x78, 0xE1, 0x03, 0xFF, 0x03, 0x07, 0xE6, 0x16, 0x14,
    0x48, 0x21, 0x18, 0xFC, 0x80, 0xC5, 0xD0, 0xFF, 0xFF, 0xD8, 0x07, 0x2C,
    0x11, 0x11, 0x88, 0x44, 0xE2, 0x03, 0x12, 0xE7, 0x4E, 0x20, 0x08, 0x21,
    0x58, 0x19, 0x18, 0xB1, 0x4A, 0x5D, 0x91, 0x20, 0x2A, 0x84, 0x78, 0x09,
    0x31, 0x1C, 0x42, 0x0E, 0x77, 0x10, 0xC4, 0x19, 0x24, 0x31, 0x82, 0x29,
    0x88, 0x42, 0x08, 0x43, 0x10, 0x65, 0x18, 0x66, 0x20, 0x8B, 0x38, 0x8C,
    0x40, 0x16, 0x81, 0x98, 0x80, 0x58, 0xEA, 0x4A, 0x18, 0xCA, 0x4C, 0xCE,
    0x3C, 0x21, 0x31, 0x50, 0x40, 0x0C, 0x24, 0x0E, 0x13, 0x8D, 0xC2, 0x44,
    0x65, 0x30, 0x92, 0x09, 0x8C, 0xD4, 0x64, 0x0F, 0x92, 0x8C, 0x45, 0x14,
    0x00, 0xE8, 0x1D, 0xDC, 0x07, 0x23, 0x98, 0x4C, 0x89, 0x42, 0x14, 0x9A,
    0x1A, 0x03, 0xD9, 0x4F, 0x61, 0x43, 0x0B, 0x1F, 0xC8, 0x18, 0x81, 0xC9,
    0xFF, 0x65, 0x41, 0x0B, 0x0D, 0x00, 0xE9, 0x3F, 0x20, 0x08, 0x21, 0x98,
    0x21, 0xD5, 0x81, 0x52, 0xA3, 0x96, 0x95, 0xB0, 0xA3, 0x15, 0x8E, 0x28,
    0x21, 0x1A, 0x8B, 0x88, 0xC4, 0x42, 0x1E, 0xB1, 0x14, 0x27, 0x30, 0x27,
    0x43, 0x98, 0xB2, 0x56, 0x4D, 0x59, 0x08, 0x3B, 0x4D, 0x58, 0x8A, 0x23,
    0x16, 0xF2, 0x88, 0x45, 0x44, 0x43, 0x09, 0x11, 0xE1, 0x8A, 0x76, 0xB0,
    0x64, 0x2D, 0xAA, 0x49, 0xD0, 0xA9, 0x08, 0x03, 0x00, 0xEA, 0x14, 0x20,
    0x08, 0x21, 0x98, 0x21, 0x18, 0xFD, 0x8F, 0x7D, 0xE0, 0xFF, 0x00, 0xC2,
    0x10, 0x8C, 0xFE, 0xC7, 0x00, 0xEB, 0x4B, 0x1C, 0x08, 0x21, 0x98, 0x11,
    0x98, 0x3C, 0x19, 0x14, 0xA2, 0x04, 0x6B, 0x20, 0x04, 0x19, 0x52, 0x31,
    0x88, 0x51, 0x1C, 0x63, 0x10, 0xC3, 0x28, 0x45, 0x21, 0x4A, 0x41, 0x08,
    0x43, 0x1A, 0x85, 0x21, 0x4C, 0x21, 0x88, 0x43, 0x0A, 0xC5, 0x21, 0x4E,
    0x82, 0x08, 0x84, 0x50, 0x74, 0x34, 0x91, 0x45, 0x20, 0x24, 0x21, 0x0A,
    0x58, 0x0C, 0x02, 0x12, 0xA4, 0x70, 0x45, 0x31, 0x94, 0x71, 0x0E, 0x73,
    0x24, 0x69, 0x41, 0x8E, 0x91, 0x88, 0x02, 0x00, 0xEC, 0x21, 0x20, 0x08,
    0x21, 0x18, 0x41, 0x10, 0xFE, 0x3E, 0x38, 0xF6, 0x81, 0x3F, 0x80, 0x60,
    0x74, 0x04, 0x22, 0x08, 0x81, 0x08, 0x42, 0x20, 0x82, 0x10, 0x88, 0x10,
    0x08, 0x82, 0xF0, 0x87, 0x00, 0xED, 0x28, 0x20, 0x07, 0x29, 0x18, 0x10,
    0x18, 0x1D, 0x41, 0x18, 0x42, 0x10, 0x86, 0x10, 0x84, 0x21, 0x04, 0x61,
    0x08, 0x46, 0x87, 0xD0, 0x1F, 0x46, 0xC7, 0x10, 0x82, 0x30, 0x84, 0x20,
    0x0C, 0x21, 0x08, 0x43, 0x08, 0x82, 0xD1, 0x30, 0x01, 0xEE, 0x41, 0xA0,
    0x06, 0x29, 0x98, 0x09, 0x5E, 0xD4, 0x09, 0x4E, 0xDA, 0x86, 0x36, 0x8A,
    0x30, 0x8D, 0x22, 0x48, 0x64, 0x10, 0x11, 0x19, 0x44, 0x44, 0x46, 0x01,
    0x93, 0x60, 0x1C, 0x46, 0x10, 0x21, 0x13, 0x9E, 0xE8, 0xC8, 0x11, 0x92,
    0x62, 0x90, 0xE3, 0x19, 0xC4, 0x88, 0x84, 0x29, 0x22, 0x61, 0x08, 0x49,
    0x18, 0x62, 0x0E, 0x47, 0xA0, 0x02, 0x12, 0xA8, 0x80, 0x04, 0x2A, 0xA0,
    0xC0, 0x01, 0xEF, 0x2B, 0x20, 0x08, 0x21, 0x58, 0x11, 0xDB, 0xC8, 0x08,
    0x46, 0xCB, 0x86, 0x36, 0x22, 0x86, 0xF0, 0x9F, 0x20, 0xC4, 0x17, 0x3E,
    0xF0, 0x0F, 0x10, 0x01, 0x13, 0x84, 0x50, 0x88, 0x82, 0x12, 0x93, 0x20,
    0xF4, 0x87, 0x12, 0x93, 0xA0, 0xC4, 0x24, 0x08, 0x00, 0xF0, 0x2B, 0x14,
    0x88, 0x21, 0xD8, 0x20, 0x8A, 0x39, 0x0F, 0x81, 0x86, 0x61, 0x0C, 0x41,
    0x28, 0x22, 0x14, 0x0B, 0x61, 0x04, 0x24, 0xBD, 0xE2, 0x11, 0xAF, 0x70,
    0x85, 0x33, 0x9A, 0x99, 0x23, 0x5E, 0xF1, 0x08, 0x48, 0xF6, 0xC1, 0x06,
    0x01, 0xC9, 0x10, 0x00, 0xF1, 0x49, 0x20, 0x08, 0x21, 0xF8, 0x19, 0x58,
    0xA1, 0x4E, 0x84, 0x5E, 0xF4, 0xA4, 0x36, 0x35, 0x2A, 0x5D, 0x27, 0x33,
    0x5A, 0xD9, 0x0A, 0x37, 0x3C, 0xF1, 0x85, 0x0F, 0x34, 0x44, 0x43, 0x97,
    0x6A, 0x02, 0xA2, 0x9A, 0x20, 0x28, 0x21, 0x1D, 0x8D, 0x50, 0x45, 0x23,
    0xD6, 0xE0, 0x88, 0x2A, 0x14, 0xA2, 0x08, 0x8D, 0x20, 0x24, 0x46, 0x10,
    0x12, 0x23, 0x08, 0x89, 0x11, 0x84, 0xC4, 0x08, 0x42, 0x62, 0x04, 0x21,
    0x35, 0xC1, 0x88, 0x12, 0x00, 0xF2, 0x50, 0x1F, 0x08, 0x21, 0x18, 0x07,
    0x5E, 0xE8, 0x03, 0x2F, 0x84, 0xE1, 0x94, 0x70, 0x30, 0x4A, 0x59, 0xA8,
    0x29, 0xC6, 0x29, 0x44, 0x71, 0x8C, 0x52, 0x8C, 0x41, 0x15, 0xA4, 0x20,
    0x02, 0x2B, 0x44, 0x51, 0x02, 0xA7, 0xD8, 0xE4, 0x1E, 0xD8, 0xC8, 0xC7,
    0x45, 0xAC, 0x52, 0x8B, 0x50, 0xCC, 0x62, 0x14, 0x24, 0x60, 0x45, 0x29,
    0x86, 0xA0, 0x0A, 0x63, 0x88, 0x01, 0x15, 0xC8, 0x08, 0x85, 0x48, 0x12,
    0x13, 0x90, 0x35, 0xB5, 0xE8, 0x25, 0xB9, 0xD0, 0x03, 0x17, 0x7A, 0x60,
    0x00, 0xF3, 0x3D, 0x20, 0x08, 0x21, 0x98, 0x21, 0xD5, 0x39, 0xC2, 0x89,
    0xCA, 0x60, 0x28, 0x41, 0x94, 0xE3, 0x34, 0xC4, 0x60, 0xCA, 0x30, 0x5C,
    0x22, 0x8A, 0x88, 0x88, 0x02, 0x26, 0xA1, 0x80, 0x4A, 0x20, 0xE0, 0x12,
    0x88, 0x07, 0x71, 0xF2, 0xEB, 0x04, 0x27, 0x78, 0x69, 0x17, 0xDC, 0x70,
    0xC2, 0x32, 0x18, 0xB1, 0x10, 0x83, 0x2C, 0xAA, 0x49, 0xD0, 0xA9, 0x08,
    0x03, 0x00, 0xF4, 0x3F, 0x20, 0x08, 0x21, 0x38, 0x3E, 0xD2, 0x99, 0x0D,
    0x65, 0xEA, 0x62, 0xD5, 0xEA, 0x42, 0x99, 0x59, 0x8C, 0x42, 0x16, 0x85,
    0x88, 0xC5, 0x19, 0x60, 0x91, 0x84, 0x57, 0xAC, 0xC0, 0x15, 0x2D, 0x60,
    0x85, 0x13, 0x54, 0xF1, 0x84, 0x54, 0xC0, 0xE1, 0x14, 0x91, 0x28, 0x85,
    0x2C, 0x46, 0x31, 0x19, 0xBA, 0x54, 0xC5, 0xAA, 0xEC, 0x52, 0x19, 0xDA,
    0x4C, 0x47, 0x3E, 0x11, 0x00, 0xF5, 0x29, 0x94, 0x47, 0x23, 0x38, 0x09,
    0x91, 0x78, 0x46, 0x43, 0x96, 0xA2, 0x94, 0xC4, 0x1C, 0xA7, 0x40, 0x43,
    0x0A, 0x14, 0x22, 0x20, 0xF9, 0x21, 0x2A, 0x48, 0x03, 0x2A, 0xCE, 0x61,
    0x92, 0xA2, 0x94, 0x85, 0x34, 0xE3, 0x11, 0x51, 0x48, 0x00, 0xF6, 0x39,
    0x1E, 0x15, 0x31, 0x58, 0x05, 0x28, 0x98, 0x02, 0x12, 0xE2, 0x80, 0x86,
    0x47, 0x20, 0xA2, 0x15, 0xA8, 0x50, 0x07, 0x3A, 0x0E, 0x82, 0x90, 0x92,
    0xA0, 0x64, 0x70, 0xE1, 0x03, 0x5D, 0xE0, 0x46, 0x82, 0x92, 0x82, 0x20,
    0xE4, 0x1C, 0xE8, 0x50, 0x05, 0x2A, 0x1A, 0x81, 0x88, 0x37, 0xA0, 0x21,
    0x0A, 0x48, 0x98, 0x01, 0x0A, 0x14, 0x00, 0xF7, 0x5B, 0x20, 0x08, 0x21,
    0x98, 0x14, 0x3B, 0xB9, 0x0C, 0x75, 0xAE, 0x92, 0x13, 0x7D, 0x6A, 0x84,
    0x32, 0x18, 0x72, 0x8C, 0xA5, 0x18, 0x43, 0x2D, 0xC6, 0x68, 0x49, 0x29,
    0xE0, 0x51, 0x8A, 0x68, 0x94, 0x22, 0x1A, 0xA4, 0x38, 0x03, 0x2A, 0x0A,
    0x71, 0x0C, 0x53, 0x14, 0xC2, 0x1C, 0xA6, 0x20, 0x84, 0x41, 0x0C, 0x41,
    0x0A, 0x64, 0x94, 0x82, 0x10, 0xAA, 0x28, 0x04, 0x21, 0x56, 0x41, 0x48,
    0x8C, 0x20, 0x44, 0x21, 0x04, 0x51, 0x48, 0x84, 0x08, 0x46, 0x21, 0x08,
    0x41, 0x18, 0x42, 0x22, 0x0C, 0x21, 0x11, 0x06, 0x23, 0xD9, 0xD8, 0x84,
    0x06, 0x00, 0xF8, 0x50, 0x20, 0x08, 0x21, 0x18, 0x18, 0x5A, 0xB1, 0x0C,
    0x7D, 0x22, 0x04, 0x25, 0x37, 0xB5, 0x0A, 0x46, 0xF2, 0xA1, 0x4D, 0x65,
    0x0E, 0xA1, 0x96, 0x83, 0x9C, 0xC5, 0x28, 0x66, 0x29, 0x8B, 0x51, 0x4A,
    0x53, 0x14, 0xE2, 0x94, 0x84, 0x3C, 0x25, 0x19, 0x10, 0x49, 0x4C, 0x53,
    0x12, 0xB4, 0x14, 0x24, 0x2D, 0x24, 0x49, 0x0A, 0x49, 0xC2, 0x60, 0x14,
    0x82, 0x84, 0xA2, 0x24, 0x04, 0x09, 0x46, 0x41, 0x08, 0x44, 0x90, 0xF2,
    0x90, 0x84, 0x40, 0x04, 0x21, 0x10, 0x41, 0x08, 0x44, 0x50, 0xF9, 0x43,
    0x20, 0x08, 0x21, 0x58, 0x51, 0xCB, 0x4A, 0x18, 0xC2, 0x50, 0x21, 0x22,
    0x44, 0x10, 0x08, 0x11, 0x04, 0x42, 0x04, 0x81, 0x10, 0x41, 0x20, 0x44,
    0x10, 0x08, 0x11, 0x04, 0x42, 0x04, 0x81, 0x10, 0xC1, 0xC9, 0x38, 0xC5,
    0xE8, 0x08, 0x41, 0x28, 0x42, 0x10, 0x8A, 0x10, 0x84, 0x22, 0x04, 0xA1,
    0x08, 0x41, 0x28, 0x42, 0x10, 0x8A, 0x10, 0x84, 0x22, 0x85, 0xA8, 0x08,
    0xAF, 0x68, 0x07, 0x33, 0x00, 0xFA, 0x32, 0xA0, 0x06, 0x2D, 0x98, 0x06,
    0x5F, 0xF0, 0x43, 0x27, 0x78, 0xB1, 0x0D, 0x7D, 0x64, 0x44, 0x3E, 0x8D,
    0x52, 0xD7, 0xD1, 0x8A, 0x9E, 0xC9, 0x4C, 0x92, 0x8E, 0x63, 0x30, 0xE3,
    0x18, 0xAD, 0x40, 0xC4, 0x23, 0xD2, 0x00, 0x07, 0x25, 0x44, 0x41, 0x09,
    0x32, 0x58, 0x82, 0x0F, 0x7E, 0xF0, 0x01, 0xFB, 0x42, 0x20, 0x07, 0x29,
    0x38, 0x2C, 0x94, 0x61, 0xC1, 0x61, 0x98, 0x60, 0x18, 0x36, 0x14, 0x02,
    0x22, 0x84, 0x68, 0x8D, 0x20, 0x16, 0x14, 0x08, 0x65, 0x25, 0x29, 0x10,
    0x48, 0x12, 0xC4, 0x91, 0x06, 0x71, 0x22, 0x42, 0x98, 0x61, 0x0D, 0x85,
    0x30, 0x41, 0x13, 0x0C, 0x51, 0x02, 0x17, 0x1C, 0x82, 0x93, 0x07, 0x09,
    0x44, 0x40, 0x02, 0x11, 0x90, 0x40, 0x04, 0x24, 0x10, 0x5E, 0xB2, 0x12,
    0x00, 0xFC, 0x4B, 0x20, 0x08, 0x21, 0xF8, 0x09, 0xDC, 0xB8, 0x8C, 0x84,
    0x9A, 0x85, 0x94, 0xD1, 0x10, 0xA5, 0x3C, 0x01, 0x41, 0x96, 0xA2, 0x18,
    0x8D, 0x55, 0x0B, 0x0A, 0xC4, 0x7A, 0x04, 0xB1, 0x1E, 0x41, 0xAC, 0x47,
    0x14, 0xEA, 0x19, 0x84, 0x72, 0x48, 0x91, 0x9C, 0x42, 0xA4, 0xC6, 0x14,
    0xA8, 0x39, 0x04, 0x62, 0x50, 0x71, 0x98, 0x54, 0x98, 0x65, 0x15, 0x45,
    0x61, 0x06, 0x51, 0x9A, 0x31, 0x92, 0x77, 0x04, 0x24, 0x3A, 0x93, 0xB1,
    0x88, 0x26, 0x1C, 0x00, 0xFD, 0x57, 0x1C, 0x08, 0x21, 0x18, 0x93, 0x83,
    0x04, 0x21, 0x20, 0x41, 0x08, 0x48, 0x10, 0x02, 0x12, 0x84, 0x80, 0x04,
    0x21, 0x20, 0x41, 0x08, 0x48, 0x10, 0x02, 0x12, 0x84, 0x40, 0x04, 0x21,
    0x21, 0x82, 0x90, 0x10, 0x41, 0x48, 0x88, 0x20, 0x24, 0x44, 0x10, 0x12,
    0x22, 0x08, 0x09, 0x11, 0x84, 0x84, 0x08, 0x42, 0x10, 0x84, 0x90, 0x08,
    0x42, 0x48, 0x04, 0x21, 0x24, 0x82, 0x10, 0x12, 0x41, 0x08, 0x89, 0x20,
    0x84, 0x44, 0x10, 0x42, 0x22, 0x08, 0x21, 0x11, 0x84, 0x90, 0x08, 0x42,
    0x48, 0x04, 0x21, 0x24, 0x82, 0x10, 0x32, 0xFE, 0x1D, 0x1A, 0x18, 0x21,
    0x78, 0x11, 0x96, 0xCC, 0x31, 0xAD, 0x61, 0xCE, 0x7A, 0xD6, 0x45, 0xEE,
    0xD6, 0xB3, 0x1C, 0xD6, 0x34, 0xC6, 0x11, 0x96, 0xFC, 0xFF, 0x16, 0x00,
    0xFF, 0x3A, 0x1F, 0x18, 0x21, 0xF8, 0x10, 0x04, 0x79, 0x04, 0x41, 0x1E,
    0x41, 0x90, 0x47, 0x10, 0xE4, 0x11, 0x9B, 0x1C, 0x61, 0x16, 0x41, 0x98,
    0x45, 0x10, 0x66, 0x11, 0x84, 0x59, 0xC4, 0x26, 0x47, 0xA0, 0x43, 0x10,
    0xE8, 0x10, 0x04, 0x3A, 0x04, 0x81, 0x0E, 0xB1, 0xC9, 0xA8, 0xE4, 0x20,
    0xE8, 0x48, 0xA6, 0x22, 0xD8, 0xD0, 0x04, 0x17, 0x2A, 0x00, 0x00, 0x00,
    0x00, 0x04, 0xFF, 0xFF, 0x01, 0x00, 0x3B, 0x1F, 0x18, 0x21, 0xF8, 0x10,
    0x04, 0x3A, 0x04, 0x81, 0x0E, 0x41, 0xA0, 0x43, 0x10, 0xE8, 0x10, 0x9B,
    0x1C, 0x61, 0x16, 0x41, 0x98, 0x45, 0x10, 0x66, 0x11, 0x84, 0x59, 0xC4,
    0x26, 0x47, 0x90, 0x47, 0x10, 0xE4, 0x11, 0x04, 0x79, 0x04, 0x41, 0x1E,
    0xB1, 0xC9, 0xA8, 0xE4, 0x20, 0xE8, 0x48, 0xA6, 0x22, 0xD8, 0xD0, 0x04,
    0x17, 0x2A, 0x00, 0x01, 0x01, 0x39, 0x20, 0x07, 0x29, 0x38, 0x78, 0xE1,
    0x03, 0x3F, 0x70, 0x10, 0x02, 0x22, 0x84, 0x80, 0x08, 0x21, 0x20, 0x42,
    0x08, 0xF8, 0x81, 0x3F, 0xC0, 0x10, 0x02, 0x22, 0x84, 0x80, 0x08, 0x21,
    0x20, 0x42, 0x08, 0xF8, 0x81, 0x3F, 0xC0, 0x10, 0x02, 0x22, 0x84, 0x80,
    0x08, 0x21, 0x20, 0x42, 0x08, 0xF8, 0x81, 0x1F, 0x38, 0x82, 0x17, 0x00,
    0x01, 0x02, 0x36, 0x5E, 0x17, 0x23, 0xD8, 0x09, 0x5C, 0xB4, 0x09, 0x4D,
    0xCA, 0x06, 0x36, 0x5D, 0x64, 0x79, 0x81, 0x1B, 0x5A, 0xC1, 0x10, 0xB5,
    0xA4, 0x06, 0x3D, 0x27, 0x32, 0x92, 0x89, 0x0E, 0x74, 0xA0, 0x21, 0x8C,
    0x67, 0x10, 0xC3, 0x15, 0xA6, 0x70, 0x04, 0x22, 0xDA, 0xC0, 0x06, 0x26,
    0x38, 0x81, 0x05, 0x30, 0x30, 0x00, 0x01, 0x03, 0x48, 0x20, 0x08, 0x21,
    0xF8, 0x09, 0x9D, 0xE0, 0x44, 0x17, 0xA8, 0x20, 0x85, 0x44, 0x40, 0x02,
    0x11, 0x90, 0x48, 0x82, 0x14, 0xA4, 0x81, 0x95, 0xCA, 0x4C, 0x47, 0x3A,
    0x11, 0x4A, 0x42, 0x81, 0x8A, 0x10, 0x08, 0x02, 0x11, 0x84, 0x40, 0x84,
    0x08, 0x42, 0x81, 0x8A, 0x90, 0xA0, 0xE8, 0x48, 0x67, 0x32, 0x55, 0xC1,
    0x86, 0x14, 0x25, 0x02, 0x12, 0x88, 0x80, 0x44, 0x12, 0xA4, 0x40, 0x85,
    0x4E, 0x70, 0xA2, 0x0B, 0x0F, 0x00, 0x01, 0x04, 0x1B, 0x1C, 0x08, 0x21,
    0x18, 0xFC, 0x81, 0x8B, 0xA2, 0xFF, 0xFF, 0xD1, 0x0F, 0x7C, 0x60, 0x11,
    0x19, 0xC1, 0x48, 0x26, 0x3E, 0xF0, 0x01, 0x23, 0x00, 0x01, 0x05, 0x35,
    0xDF, 0x07, 0x23, 0x18, 0x30, 0xB3, 0x91, 0x4E, 0x7C, 0xA0, 0x41, 0x8C,
    0x57, 0x18, 0xC3, 0x11, 0xC8, 0x68, 0x04, 0x3A, 0x18, 0x81, 0x90, 0x45,
    0xA0, 0x44, 0x15, 0x66, 0x49, 0x06, 0x69, 0xD2, 0xFD, 0x4B, 0x96, 0xA2,
    0x98, 0xE4, 0x20, 0xE8, 0x48, 0x86, 0x2A, 0x16, 0xC1, 0x86, 0x26, 0xB8,
    0xA0, 0x00, 0x01, 0x06, 0x42, 0xDF, 0x04, 0x33, 0x18, 0x20, 0xC6, 0x58,
    0x89, 0x31, 0x94, 0x62, 0x8C, 0xB4, 0x18, 0x03, 0x15, 0xA2, 0x30, 0xC6,
    0x21, 0x48, 0x61, 0x0C, 0x43, 0x10, 0xC3, 0x18, 0xA5, 0x10, 0x88, 0x31,
    0xCA, 0x63, 0x8C, 0xF2, 0x18, 0xA3, 0x3C, 0xC6, 0x28, 0x8F, 0x31, 0x8A,
    0x63, 0x0C, 0xC3, 0x18, 0x03, 0x29, 0xC6, 0x50, 0x88, 0x31, 0x98, 0x61,
    0x0C, 0x47, 0x20, 0x02, 0x0A, 0x4A, 0x30, 0x00, 0x01, 0x07, 0x69, 0x20,
    0x08, 0x21, 0x98, 0x21, 0xD5, 0x81, 0x52, 0xA3, 0x16, 0x62, 0x90, 0x64,
    0x30, 0xE3, 0x18, 0xCE, 0x28, 0x06, 0x34, 0x48, 0x61, 0x0C, 0x53, 0x8C,
    0xA2, 0x28, 0xA5, 0x10, 0x44, 0x61, 0x0A, 0x21, 0x08, 0xE2, 0x10, 0x22,
    0x14, 0xA4, 0x44, 0x12, 0x52, 0x98, 0x82, 0x20, 0x84, 0x40, 0x04, 0x41,
    0x08, 0x81, 0x08, 0x82, 0x10, 0x02, 0x11, 0x04, 0x21, 0x04, 0x22, 0x08,
    0x42, 0x0A, 0x53, 0x90, 0x84, 0x94, 0x05, 0x82, 0x38, 0x84, 0x10, 0x44,
    0x61, 0x0A, 0x21, 0x8A, 0xA2, 0x94, 0x62, 0x14, 0xC6, 0x30, 0x05, 0x31,
    0xA0, 0x51, 0x0C, 0x67, 0x1C, 0x83, 0x19, 0x09, 0x31, 0xC8, 0xA2, 0x9A,
    0x04, 0x9D, 0x8A, 0x30, 0x00, 0x01, 0x08, 0x53, 0x1F, 0x07, 0x29, 0x18,
    0x58, 0xA9, 0x32, 0x82, 0xA0, 0x0C, 0x11, 0x26, 0xA3, 0xD0, 0x65, 0x1E,
    0x81, 0x90, 0x87, 0x20, 0xE2, 0x31, 0x08, 0x78, 0x10, 0xE2, 0x08, 0xE6,
    0x28, 0x84, 0x21, 0xC8, 0x61, 0x88, 0x62, 0x88, 0xE3, 0x10, 0xC5, 0x41,
    0x84, 0x61, 0x12, 0x71, 0x14, 0x13, 0x0C, 0x02, 0x21, 0x46, 0x18, 0x44,
    0x32, 0xCC, 0x30, 0x08, 0x45, 0x18, 0x62, 0x10, 0x4B, 0x38, 0xC4, 0x20,
    0x28, 0x31, 0x08, 0x4A, 0x0C, 0x82, 0x12, 0x83, 0xA0, 0xC4, 0x20, 0x28,
    0x31, 0xF8, 0x0D, 0x00, 0x01, 0x09, 0x21, 0x20, 0x08, 0x21, 0x18, 0xFC,
    0x03, 0x89, 0xE8, 0x08, 0x57, 0xF8, 0xCA, 0x56, 0x74, 0xC5, 0x60, 0x48,
    0x39, 0x18, 0x42, 0x10, 0x96, 0x88, 0x84, 0x7D, 0xE0, 0xFF, 0xFF, 0x00,
    0x05, 0x01, 0x0A, 0x20, 0x20, 0x08, 0x21, 0x18, 0xFC, 0x03, 0x08, 0x42,
    0xD0, 0x91, 0x90, 0x54, 0x28, 0x44, 0x11, 0x0A, 0x51, 0x02, 0x43, 0x30,
    0xFA, 0xFF, 0xEF, 0x2A, 0x13, 0x82, 0x70, 0x08, 0x00, 0x01, 0x0B, 0x3C,
    0x1C, 0x07, 0x29, 0x18, 0x10, 0xE4, 0x29, 0x04, 0x81, 0x08, 0x41, 0x20,
    0x42, 0x90, 0x68, 0x10, 0x24, 0x1A, 0x04, 0x89, 0x06, 0x41, 0x24, 0x41,
    0x10, 0x49, 0x10, 0x44, 0x12, 0x04, 0x99, 0x02, 0x41, 0xA6, 0x40, 0x90,
    0x29, 0x10, 0x04, 0x8F, 0x4C, 0x2B, 0xA1, 0x87, 0x35, 0xDD, 0xE2, 0x1A,
    0xB7, 0x84, 0x8B, 0x5B, 0x60, 0x22, 0x0B, 0x09, 0x00, 0x01, 0x0C, 0x3C,
    0x1C, 0x07, 0x29, 0x38, 0x0A, 0x99, 0xB8, 0x25, 0x5B, 0xDC, 0xC2, 0x1A,
    0xB6, 0xB0, 0xA6, 0x7A, 0xD0, 0x24, 0x11, 0x64, 0x0A, 0x04, 0xC1, 0x23,
    0x53, 0x20, 0xC8, 0x14, 0x08, 0x32, 0x05, 0x82, 0x48, 0x82, 0x20, 0x92,
    0x20, 0x88, 0x24, 0x08, 0x12, 0x0D, 0x82, 0x44, 0x83, 0x20, 0xD1, 0x20,
    0x08, 0x44, 0x08, 0x02, 0x11, 0x82, 0x3C, 0x05, 0x00, 0x01, 0x0D, 0x50,
    0x1C, 0x08, 0x21, 0x18, 0x31, 0x90, 0x4D, 0x1E, 0x73, 0x79, 0xCC, 0x6B,
    0x8C, 0x60, 0x0E, 0x26, 0x18, 0xA3, 0x09, 0xA6, 0x68, 0xC3, 0x21, 0xDA,
    0x70, 0x0A, 0x36, 0x20, 0x82, 0x0D, 0x26, 0x08, 0x85, 0x2A, 0xC8, 0x10,
    0x08, 0x55, 0x14, 0x24, 0x15, 0x06, 0x41, 0xC5, 0x41, 0x10, 0x81, 0x90,
    0x24, 0x24, 0x84, 0x26, 0xB2, 0x08, 0x84, 0x24, 0x44, 0x01, 0x8B, 0x41,
    0x40, 0x82, 0x14, 0xAE, 0x28, 0x86, 0x32, 0xCE, 0x61, 0x8E, 0x24, 0x2D,
    0xC8, 0x31, 0x12, 0x51, 0x00, 0x01, 0x0E, 0x2A, 0x20, 0x07, 0x29, 0x18,
    0x07, 0x5F, 0xF0, 0x43, 0x2F, 0x86, 0x27, 0xBE, 0xF0, 0x05, 0x4F, 0x17,
    0x7B, 0xE8, 0x82, 0x0F, 0x3E, 0x38, 0x19, 0x78, 0xA1, 0x0F, 0xBB, 0xD0,
    0x5E, 0xF8, 0x09, 0x6F, 0x14, 0x7D, 0xF0, 0xC2, 0x0F, 0x30, 0x00, 0x01,
    0x0F, 0x46, 0x1C, 0x08, 0x21, 0x58, 0x21, 0x53, 0x89, 0x0C, 0x64, 0x14,
    0x36, 0xB4, 0xF0, 0x81, 0xEC, 0x83, 0x5D, 0x82, 0x90, 0x10, 0x41, 0x48,
    0x88, 0x20, 0x24, 0x44, 0x10, 0x12, 0x22, 0x08, 0x09, 0x11, 0x84, 0x84,
    0x08, 0x42, 0x42, 0x04, 0x21, 0x21, 0x82, 0x90, 0x10, 0x41, 0x48, 0x88,
    0x20, 0x24, 0x44, 0x10, 0x12, 0x22, 0x08, 0x09, 0x11, 0x84, 0x84, 0x08,
    0x42, 0x42, 0x85, 0x30, 0x44, 0x81, 0xE8, 0x11, 0x00, 0x01, 0x10, 0x49,
    0x1C, 0x08, 0x21, 0x98, 0x20, 0x88, 0x40, 0x08, 0x22, 0x10, 0x82, 0x08,
    0x84, 0x20, 0x02, 0x21, 0x88, 0x40, 0x08, 0x22, 0x10, 0x82, 0x08, 0x84,
    0x20, 0x02, 0x21, 0x88, 0x40, 0x08, 0x22, 0x10, 0x82, 0x08, 0x84, 0x20,
    0x02, 0x21, 0x88, 0x40, 0x08, 0x22, 0x10, 0x82, 0x08, 0x84, 0x20, 0x02,
    0x21, 0x88, 0x40, 0x08, 0x22, 0x12, 0x62, 0x8A, 0x94, 0x90, 0x62, 0x45,
    0xEC, 0x71, 0x8D, 0x44, 0x3E, 0x18, 0xFF, 0xC0, 0x0F, 0x4C, 0x01, 0x11,
    0x31, 0x20, 0x07, 0x29, 0x18, 0x20, 0x10, 0xFE, 0x11, 0x84, 0x40, 0x04,
    0x21, 0x10, 0x41, 0x08, 0x44, 0x10, 0x02, 0x11, 0x84, 0x40, 0x04, 0x21,
    0x10, 0x41, 0x08, 0x44, 0x10, 0x02, 0x11, 0x84, 0x40, 0x04, 0x21, 0x10,
    0x41, 0x08, 0x44, 0x50, 0x1F, 0x1C, 0xF9, 0xC0, 0x1F, 0x20, 0x00, 0x01,
    0x12, 0x2A, 0x20, 0x07, 0x29, 0x18, 0x20, 0x10, 0x1E, 0x41, 0x08, 0x44,
    0x10, 0x02, 0x11, 0x84, 0x40, 0x04, 0xF5, 0xC1, 0x91, 0x0F, 0xFC, 0x01,
    0xE2, 0x83, 0x23, 0x28, 0x02, 0x11, 0x84, 0x40, 0x04, 0x21, 0x10, 0x41,
    0x08, 0x04, 0xE1, 0x20, 0x02, 0x01, 0x13, 0x31, 0x20, 0x07, 0x29, 0x18,
    0xFC, 0x03, 0xC4, 0x07, 0x47, 0x50, 0x04, 0x22, 0x08, 0x81, 0x08, 0x42,
    0x20, 0x82, 0x10, 0x88, 0x20, 0x04, 0x22, 0x08, 0x81, 0x08, 0x42, 0x20,
    0x82, 0x10, 0x88, 0x20, 0x04, 0x22, 0x08, 0x81, 0x08, 0x42, 0x20, 0x82,
    0x10, 0x08, 0xC2, 0x1F, 0x44, 0x00, 0x01, 0x14, 0x1E, 0x20, 0x05, 0x31,
    0x38, 0x58, 0x09, 0x43, 0x78, 0x84, 0x1B, 0x9D, 0xF0, 0xC2, 0x07, 0xFE,
    0x01, 0x22, 0x7C, 0xC2, 0x1B, 0x1D, 0xE1, 0x10, 0x2E, 0x59, 0x09, 0x00,
    0x01, 0x15, 0x56, 0x20, 0x08, 0x21, 0xB8, 0x0D, 0x9C, 0xB4, 0x0B, 0x6D,
    0x90, 0x61, 0x1A, 0xC4, 0x78, 0x07, 0x39, 0x1A, 0x42, 0x10, 0x02, 0x1D,
    0x63, 0x40, 0xA9, 0x10, 0x90, 0x2A, 0x02, 0xB4, 0x88, 0x00, 0x11, 0xA1,
    0x10, 0x01, 0x22, 0x43, 0xA1, 0x08, 0x41, 0x28, 0x42, 0x10, 0x8A, 0x10,
    0x84, 0x22, 0x04, 0xA1, 0xC8, 0x50, 0x28, 0x22, 0x14, 0x22, 0x40, 0x8B,
    0x08, 0x90, 0x2A, 0x02, 0x94, 0x0A, 0x01, 0x1D, 0x63, 0x21, 0x04, 0x69,
    0x07, 0x39, 0x9E, 0x41, 0x0C, 0x68, 0x90, 0x81, 0x16, 0x9C, 0xD4, 0x07,
    0x08, 0x00, 0x01, 0x16, 0x2A, 0x18, 0x48, 0x21, 0xB8, 0x0D, 0x94, 0x34,
    0x0B, 0x69, 0x8A, 0x07, 0x44, 0x10, 0x7C, 0x44, 0x10, 0x10, 0x19, 0x02,
    0x44, 0xE8, 0x91, 0x21, 0x40, 0x44, 0x10, 0x10, 0x82, 0x83, 0x48, 0x3C,
    0xA4, 0x69, 0x16, 0x94, 0x54, 0x07, 0x04, 0x00, 0x01, 0x17, 0x1C, 0x10,
    0x88, 0x21, 0xB8, 0x0D, 0x8C, 0xB4, 0x0A, 0x65, 0x4A, 0x07, 0xFA, 0xC0,
    0xFF, 0x01, 0x08, 0x21, 0xE9, 0x50, 0xA6, 0x55, 0x30, 0x52, 0x1B, 0x00,
    0x01, 0x18, 0x40, 0x1C, 0x08, 0x21, 0x98, 0x11, 0xD7, 0xB0, 0x46, 0x3D,
    0x2A, 0x42, 0x91, 0xA9, 0x48, 0x25, 0x32, 0x90, 0x79, 0xCD, 0x73, 0x5C,
    0x41, 0x8A, 0x66, 0x10, 0x83, 0x19, 0xC4, 0x58, 0x07, 0x39, 0xD4, 0x41,
    0x8E, 0x84, 0x90, 0x23, 0x21, 0x04, 0x41, 0x08, 0x41, 0x8E, 0x65, 0xAC,
    0x82, 0x11, 0x6C, 0x2C, 0x44, 0x19, 0x0B, 0x59, 0xC4, 0x42, 0x96, 0xC0,
    0x90, 0x0F, 0xFC, 0x01, 0x01, 0x19, 0x2E, 0x1E, 0x08, 0x21, 0x58, 0x29,
    0x50, 0x4A, 0x18, 0xE1, 0x82, 0xA2, 0x94, 0x50, 0xC8, 0x42, 0x0C, 0x76,
    0xF8, 0xE0, 0x1D, 0x64, 0x3A, 0x0F, 0x72, 0xD0, 0x23, 0x0C, 0x01, 0x03,
    0x16, 0x7C, 0xF0, 0x3D, 0x22, 0x1B, 0x17, 0xB1, 0x68, 0xD7, 0xC8, 0x44,
    0x03, 0x00, 0x01, 0x1A, 0x35, 0x20, 0x08, 0x21, 0x78, 0x12, 0xDA, 0xC0,
    0xA7, 0x6C, 0xE4, 0x13, 0x46, 0x5B, 0x01, 0x43, 0x94, 0xC0, 0x90, 0x34,
    0x30, 0xAA, 0x49, 0x6D, 0x62, 0x13, 0xA3, 0x16, 0xB5, 0x26, 0xB6, 0x04,
    0xA3, 0x2D, 0x74, 0x3D, 0x3A, 0x08, 0xA3, 0x0A, 0x84, 0xB0, 0x02, 0x19,
    0xEE, 0x20, 0x86, 0x6C, 0x6C, 0x42, 0x03, 0x01, 0x1B, 0x4D, 0xDF, 0x07,
    0x23, 0xB8, 0x04, 0x33, 0x48, 0x43, 0x1C, 0x4E, 0xF1, 0x8A, 0x72, 0xB4,
    0x63, 0x24, 0x2B, 0x09, 0x4B, 0x5A, 0xC2, 0x72, 0x18, 0xB1, 0x14, 0x86,
    0x2C, 0x83, 0x31, 0x4B, 0x60, 0x90, 0xA5, 0x28, 0x26, 0x39, 0x08, 0x3A,
    0x92, 0x91, 0x4D, 0x7C, 0x5E, 0xD4, 0xA6, 0x55, 0xA5, 0xEB, 0x30, 0x62,
    0x29, 0x0C, 0x59, 0x06, 0x63, 0x96, 0xC0, 0xA0, 0x25, 0x28, 0x4A, 0x11,
    0x08, 0x43, 0x88, 0xE1, 0x0C, 0x43, 0x40, 0x02, 0x09, 0x52, 0x20, 0x00,
    0x01, 0x1C, 0x38, 0x1C, 0x08, 0x21, 0x18, 0x10, 0x94, 0x08, 0x84, 0x24,
    0x06, 0x01, 0x89, 0x42, 0x38, 0xC2, 0x10, 0x8E, 0x38, 0x04, 0x23, 0x12,
    0xA1, 0x88, 0x45, 0x20, 0x82, 0x15, 0xA6, 0x68, 0x84, 0x21, 0x1E, 0x41,
    0x88, 0x48, 0x08, 0x22, 0x7D, 0xE0, 0x07, 0x26, 0x46, 0x60, 0x32, 0xF6,
    0x81, 0x1F, 0x98, 0x18, 0x81, 0xC9, 0x8F, 0x01, 0x01, 0x1D, 0x58, 0x20,
    0x08, 0x21, 0x58, 0x21, 0x96, 0x91, 0xD0, 0x93, 0xDA, 0x61, 0x8E, 0x65,
    0x28, 0x23, 0x15, 0xAE, 0x40, 0x04, 0x24, 0x4E, 0x61, 0x08, 0x53, 0x18,
    0xE2, 0x90, 0x4A, 0x71, 0x88, 0x53, 0x10, 0x02, 0x91, 0x08, 0x41, 0x18,
    0x42, 0x22, 0x0C, 0x21, 0x11, 0x86, 0x90, 0x08, 0x43, 0x48, 0x88, 0x44,
    0x8A, 0x43, 0x9C, 0xA2, 0x10, 0x87, 0x64, 0x0A, 0x43, 0x98, 0xE2, 0x10,
    0x90, 0x40, 0x85, 0x33, 0x90, 0xA1, 0x12, 0x74, 0x18, 0x06, 0xE5, 0x12,
    0x13, 0x16, 0x85, 0x10, 0xE5, 0x26, 0x18, 0xC9, 0xC6, 0x26, 0x04, 0x00,
    0x01, 0x1E, 0x52, 0x20, 0x08, 0x21, 0x58, 0x21, 0x96, 0x91, 0xD0, 0x93,
    0xDA, 0x61, 0x8E, 0x65, 0x28, 0x23, 0x15, 0xAE, 0x40, 0x04, 0x24, 0x4E,
    0x01, 0x0B, 0x43, 0x48, 0xA2, 0x14, 0xB2, 0x20, 0x04, 0x25, 0x08, 0x41,
    0x18, 0x42, 0x22, 0x0C, 0x21, 0x11, 0x86, 0x90, 0x08, 0x43, 0x48, 0x94,
    0x20, 0x85, 0x2C, 0x0A, 0x21, 0x09, 0x53, 0xC0, 0xE2, 0x10, 0x90, 0x40,
    0x85, 0x33, 0x90, 0xA1, 0x12, 0x74, 0x18, 0x06, 0xE5, 0x12, 0x13, 0x16,
    0x85, 0x10, 0xE5, 0x26, 0x18, 0xC9, 0xC6, 0x26, 0x04, 0x00, 0x00,
};

